class,cbo,wmc,loc
discord4j.rest.interaction.RestInteraction,6,9,11
discord4j.core.ExampleSoundboard,16,21,140
discord4j.core.object.entity.channel.Category,12,7,29
discord4j.rest.service.WebhookServiceTest,7,7,26
discord4j.core.event.domain.guild.EmojisUpdateEvent,11,6,26
discord4j.voice.json.SelectProtocol$Data,1,3,33
discord4j.voice.Opus,0,0,5
discord4j.gateway.retry.GatewayException,1,3,13
discord4j.core.spec.AudioChannelJoinMonoGenerator,6,3,7
discord4j.core.spec.GuildEmojiCreateSpecGenerator,7,4,10
discord4j.core.event.domain.interaction.ComponentInteractionEvent,16,12,51
discord4j.voice.VoiceServerOptions,0,3,14
discord4j.core.event.domain.lifecycle.ReadyEvent$Guild,3,11,30
discord4j.core.object.entity.channel.AudioChannel,19,10,42
discord4j.core.spec.AuditLogQuerySpecGenerator,7,5,14
discord4j.core.object.RoleTags,4,8,29
discord4j.common.store.action.read.GetRolesInGuildAction,2,2,9
discord4j.rest.util.RouteUtils,6,48,88
discord4j.voice.retry.VoiceServerUpdateReconnectException,2,1,5
com.iwebpp.crypto.TweetNaclFast$Box,4,77,163
discord4j.core.object.MessageReference,5,7,26
discord4j.core.event.domain.channel.VoiceChannelCreateEvent,4,3,13
discord4j.rest.http.WebClientTest,17,4,34
discord4j.core.object.component.ActionComponent,2,1,5
discord4j.gateway.GatewayReactorResources,6,10,59
discord4j.rest.response.ResumingTransformer,6,4,19
discord4j.core.object.audit.OptionKey,3,5,32
discord4j.rest.request.BucketKey,5,10,33
discord4j.core.spec.legacy.LegacyGuildCreateSpec,15,24,73
com.iwebpp.crypto.TweetNaclFast$Signature,4,34,93
discord4j.core.object.entity.channel.ThreadChannel$AutoArchiveDuration,1,8,29
discord4j.core.spec.GuildStickerCreateSpecGenerator,4,5,9
discord4j.core.util.ImageUtil,1,2,9
discord4j.core.ExamplePollCreation,3,1,12
discord4j.core.spec.InteractionApplicationCommandCallbackReplyMonoGenerator,6,3,7
discord4j.core.object.entity.channel.Channel$Flag,2,9,31
discord4j.core.object.Region,3,10,79
discord4j.rest.request.ClockGlobalRateLimiter,7,9,40
discord4j.common.store.action.gateway.PresenceUpdateAction,3,2,10
discord4j.core.spec.AutoModRuleCreateMonoGenerator,6,3,7
discord4j.core.util.PaginationUtilTest$PageSource,2,7,41
discord4j.common.jackson.UnknownPropertyHandler,4,3,13
discord4j.core.object.entity.channel.Channel$Type,1,15,49
com.iwebpp.crypto.TweetNaclFast$Hash,3,4,13
discord4j.core.spec.RoleEditMonoGenerator,6,3,7
discord4j.rest.service.TemplateServiceTest,8,2,13
discord4j.core.event.domain.PresenceUpdateEvent,13,14,54
discord4j.core.spec.InteractionApplicationCommandCallbackSpecGenerator,13,10,18
discord4j.voice.VoiceConnection$State,0,0,6
discord4j.common.ResettableIntervalTest,2,1,6
discord4j.core.object.command.ApplicationCommandInteractionOption,9,8,33
discord4j.core.spec.legacy.LegacyGuildTemplateCreateSpec,4,3,15
discord4j.core.event.domain.automod.AutoModRuleDeleteEvent,4,1,5
discord4j.voice.AudioReceiver$Anonymous1,1,1,4
discord4j.core.event.domain.message.ReactionRemoveAllEvent,12,8,32
discord4j.core.event.domain.thread.ThreadListSyncEvent,7,6,24
discord4j.common.store.action.read.GetMessagesAction,2,1,4
discord4j.core.event.domain.channel.NewsChannelCreateEvent,4,3,13
discord4j.core.ExampleWebhook,4,3,27
discord4j.common.store.action.read.CountMessagesInChannelAction,1,2,9
discord4j.core.object.entity.Attachment$AttachmentFlags,1,6,19
discord4j.common.store.action.gateway.GuildDeleteAction,3,2,10
discord4j.common.store.action.read.CountInGuildAction$InGuildEntity,0,0,1
discord4j.common.store.action.read.GetMessagesInChannelAction,2,2,9
discord4j.rest.route.Route,4,14,48
discord4j.core.event.EventDispatcher,12,12,49
discord4j.common.store.action.read.GetStickerByIdAction,2,3,14
discord4j.core.spec.GuildCreateFromTemplateMonoGenerator,6,3,7
discord4j.core.event.domain.thread.ThreadChannelUpdateEvent,5,4,18
discord4j.core.event.domain.thread.ThreadMembersUpdateEvent,7,8,32
discord4j.core.object.presence.Status,1,8,26
discord4j.core.event.domain.lifecycle.ConnectEvent,3,2,8
discord4j.common.store.action.gateway.CompleteGuildMembersAction,1,2,9
discord4j.core.object.ApplicationInstallParams,2,4,15
discord4j.rest.http.client.DiscordWebClient,19,17,78
discord4j.common.store.action.read.CountEmojisInGuildAction,1,1,5
discord4j.core.ExampleQuickstartBlocking,3,2,16
discord4j.core.spec.ScheduledEventCreateSpecGenerator,11,10,14
discord4j.core.spec.StageChannelCreateMonoGenerator,6,3,7
discord4j.gateway.retry.GatewayStateChange,7,13,47
discord4j.core.object.entity.Guild,106,164,813
discord4j.core.event.domain.monetization.EntitlementCreateEvent,8,4,16
discord4j.rest.interaction.InteractionHandler,4,2,4
discord4j.core.object.entity.ApplicationEmoji,12,10,36
discord4j.core.spec.CreateTestEntitlementMonoGenerator,8,4,8
discord4j.core.spec.legacy.LegacyGuildMemberEditSpec,6,8,34
discord4j.core.event.domain.WebhooksUpdateEvent,9,6,24
discord4j.voice.json.SentSpeaking,2,1,24
discord4j.core.ExampleGuildScheduledEvents$Anonymous1,2,5,21
discord4j.common.store.action.read.GetVoiceStatesInGuildAction,2,2,9
discord4j.core.util.PaginationUtilTest,4,4,71
discord4j.core.spec.legacy.LegacyMessageCreateSpec,14,24,73
discord4j.core.support.VoiceSupport$Stop,5,3,12
discord4j.rest.http.JacksonReaderStrategy,11,12,46
discord4j.core.spec.BulkBanRequestSpecGenerator,6,3,7
discord4j.core.GatewayResources,8,9,44
discord4j.rest.service.AutoModService,11,6,20
discord4j.core.event.domain.role.RoleUpdateEvent,5,4,18
discord4j.core.event.domain.command.ApplicationCommandDeleteEvent,10,4,18
discord4j.core.util.PermissionUtil,3,6,18
discord4j.core.spec.PollCreateSpecGenerator,8,6,10
discord4j.core.object.reaction.ReactionEmoji,9,16,113
discord4j.core.object.command.ApplicationCommandPermission$Type,1,6,25
discord4j.rest.util.PermissionSet,3,25,77
discord4j.core.object.util.PermissionSetTest,3,8,51
discord4j.voice.json.HeartbeatAck,1,1,6
discord4j.core.object.entity.Sticker$Format,1,6,25
discord4j.rest.service.EmojiServiceTest,6,6,20
discord4j.voice.LocalVoiceSendTask,7,10,47
discord4j.common.store.action.gateway.StageInstanceDeleteAction,3,2,10
discord4j.core.spec.PollCreateMonoGenerator,6,3,7
discord4j.core.object.entity.ScheduledEvent$EntityType,1,6,20
discord4j.core.object.entity.Webhook,27,61,271
discord4j.core.object.entity.Guild$VerificationLevel,1,8,31
discord4j.rest.http.FormUrlEncodedWriterStrategy,6,6,18
discord4j.rest.service.ApplicationService,15,22,68
discord4j.common.store.action.gateway.StageInstanceUpdateAction,3,2,10
discord4j.core.ExampleSelectMenu,4,1,12
discord4j.core.spec.legacy.LegacyInteractionApplicationCommandCallbackSpec,10,16,43
discord4j.common.store.action.read.CountExactMembersInGuildAction,1,1,5
discord4j.common.store.action.read.GetUserByIdAction,2,2,9
discord4j.rest.request.RequestStream$RequestSubscriber,17,17,74
discord4j.rest.util.AllowedMentions$Builder,5,16,64
discord4j.core.event.ReplayingEventDispatcher,16,15,128
discord4j.core.object.entity.channel.ThreadChannel$Type,1,7,27
discord4j.core.event.domain.channel.ForumChannelDeleteEvent,4,3,13
discord4j.core.spec.UserEditSpecGenerator,7,3,7
discord4j.core.object.onboarding.OnboardingPromptOption,5,10,43
discord4j.core.spec.InteractionFollowupEditMonoGenerator,7,4,8
discord4j.core.spec.legacy.LegacyCategoryCreateSpec,6,6,27
discord4j.core.spec.ScheduledEventCreateMonoGenerator,6,3,7
discord4j.rest.request.ProcessorRequestQueueFactory,6,2,22
discord4j.core.object.command.ApplicationCommandOption$Type,1,14,37
discord4j.core.ExampleGatewayErrors,5,2,9
discord4j.core.event.SinksEventDispatcher,11,7,69
discord4j.voice.retry.VoiceGatewayRetrySignal,1,6,27
discord4j.core.object.entity.channel.ForumChannel$SortOrder,1,5,18
discord4j.common.sinks.ParkEmissionStrategy,6,19,53
discord4j.core.spec.WebhookExecuteSpecGenerator,14,12,25
discord4j.rest.http.RouterTest,11,8,45
discord4j.core.object.entity.PartialSticker,6,8,28
discord4j.rest.service.PollService,11,3,11
discord4j.common.store.action.gateway.ReadyAction,2,2,9
discord4j.voice.retry.VoiceGatewayRetrySpec,17,24,122
discord4j.common.store.action.read.GetGuildScheduledEventUsersInEventAction,2,3,14
discord4j.core.object.entity.channel.TopLevelGuildMessageChannel,12,5,23
discord4j.core.spec.GuildPruneSpecGenerator,7,4,12
discord4j.common.store.action.gateway.GuildScheduledEventUserRemoveAction,2,2,10
discord4j.core.DiscordClient,10,7,25
discord4j.voice.retry.VoiceGatewayResumeException,2,1,5
discord4j.core.event.domain.channel.ForumChannelCreateEvent,4,3,13
discord4j.rest.http.DefaultExchangeStrategies,3,3,14
discord4j.common.store.legacy.StateHolder,21,17,98
discord4j.common.store.action.read.GetGuildByIdAction,2,2,9
discord4j.common.store.action.read.CountTotalPresencesAction,1,1,5
discord4j.core.spec.CategoryEditMonoGenerator,6,3,7
discord4j.common.store.impl.LocalStoreLayout$ChannelContent,1,2,15
discord4j.common.store.action.gateway.MessageDeleteAction,3,2,10
discord4j.gateway.state.StatefulDispatch,5,6,25
discord4j.rest.entity.RestSticker,10,16,43
discord4j.core.spec.UserEditMonoGenerator,6,3,7
discord4j.core.util.ValidationUtilTest,3,3,17
discord4j.core.object.command.ApplicationCommandGuildPermissions,5,7,27
discord4j.rest.service.GuildServiceTest,13,40,118
discord4j.voice.VoiceSendTaskFactory,5,1,3
discord4j.core.object.ApplicationRoleConnectionMetadata,3,8,67
discord4j.core.spec.GuildStickerCreateMonoGenerator,6,3,7
discord4j.common.store.legacy.LegacyStoreLayout,79,158,670
discord4j.core.object.component.LayoutComponent,3,2,8
discord4j.gateway.json.GatewayPayload,15,17,55
discord4j.core.spec.AudioChannelJoinSpecGenerator,30,15,76
discord4j.core.event.domain.interaction.InteractionCreateEvent,15,6,71
discord4j.core.spec.StartThreadWithoutMessageMonoGenerator,7,5,16
discord4j.core.ExampleClientResponse,2,1,5
discord4j.core.ExampleCustomOptionsBot$CustomGatewayClient,6,2,12
discord4j.voice.json.VoiceGatewayPayload,5,3,14
discord4j.core.support.VoiceSupport$LavaplayerAudioProvider,3,3,16
discord4j.core.event.domain.command.ApplicationCommandCreateEvent,9,4,18
discord4j.gateway.GatewayObserver$Anonymous7,0,1,5
discord4j.common.store.impl.SelectiveStoreLayout,7,6,25
discord4j.gateway.GatewayObserver$Anonymous8,0,1,5
discord4j.core.event.SinksEventDispatcher$Builder,6,8,31
discord4j.gateway.GatewayObserver$Anonymous5,0,1,5
discord4j.gateway.GatewayObserver$Anonymous6,0,1,5
discord4j.core.event.domain.message.MessageEvent,3,1,5
discord4j.core.event.domain.VoiceStateUpdateEvent,5,10,30
discord4j.gateway.GatewayObserver$Anonymous3,0,1,5
discord4j.gateway.GatewayObserver$Anonymous4,0,1,5
discord4j.core.event.domain.role.RoleEvent,3,1,5
discord4j.gateway.GatewayObserver$Anonymous1,0,1,5
discord4j.core.object.entity.poll.PollResult,2,5,22
discord4j.core.support.VoiceSupport,17,4,158
discord4j.gateway.GatewayObserver$Anonymous2,0,1,5
discord4j.core.spec.legacy.LegacyWebhookExecuteSpec,11,15,59
discord4j.core.spec.GuildCreateMonoGenerator,6,3,7
discord4j.core.spec.WebhookExecuteMonoGenerator,6,5,13
discord4j.common.store.action.gateway.MessageCreateAction,2,2,10
discord4j.core.object.Embed$Type,1,9,34
discord4j.core.object.onboarding.Onboarding,6,10,63
discord4j.common.store.action.read.CountTotalStickersAction,1,1,5
discord4j.core.spec.ApplicationEmojiCreateSpecGenerator,5,3,7
discord4j.core.spec.InteractionCallbackSpecGenerator,6,3,6
discord4j.gateway.IdentifyOptions,7,13,79
discord4j.core.spec.InviteCreateMonoGenerator,6,3,7
discord4j.common.store.action.read.GetMembersInGuildAction,2,2,9
discord4j.core.object.monetization.Entitlement,11,20,116
discord4j.core.object.entity.Guild$NotificationLevel,1,5,22
discord4j.core.event.domain.automod.AutoModActionExecutedEvent,17,26,80
discord4j.core.event.domain.Event,3,3,14
discord4j.core.event.domain.channel.TextChannelUpdateEvent,7,8,24
discord4j.core.spec.MemberBanQueryMonoGenerator,6,3,7
discord4j.common.store.action.gateway.GuildCreateAction,2,2,10
discord4j.core.object.ApplicationTeamMember$MembershipState,1,5,19
discord4j.core.ExampleButtonAttachment,9,7,50
discord4j.core.ExampleLogin,4,1,7
discord4j.core.support.VoiceSupport$GuildVoiceSupport,5,1,13
discord4j.core.object.entity.ApplicationInfo,28,50,189
discord4j.rest.request.RateLimitStrategy,1,1,3
discord4j.voice.DefaultVoiceConnectionFactory,7,2,14
discord4j.core.object.ScheduledEventEntityMetadata,3,5,20
discord4j.rest.http.client.AuthorizationScheme,0,2,8
discord4j.core.event.dispatch.DispatchEventMapper,9,4,23
discord4j.core.spec.AuditSpec,3,1,3
discord4j.rest.request.RequestCorrelation,4,6,27
discord4j.core.object.entity.Sticker$Type,1,5,22
discord4j.core.object.entity.ThreadMember,4,7,26
discord4j.common.store.api.object.ExactResultNotAvailableException,0,0,2
discord4j.common.LogUtil,4,12,50
discord4j.core.spec.AutoModRuleCreateSpecGenerator,10,9,15
discord4j.core.util.OrderUtil,9,6,40
discord4j.core.event.ReactiveEventAdapter,101,196,406
discord4j.core.spec.EmbedCreateFields,3,1,38
discord4j.core.object.Embed$Author,2,7,25
discord4j.voice.PacketTransformer,5,7,46
discord4j.core.spec.GuildEmojiEditMonoGenerator,6,3,7
discord4j.rest.entity.RestGuildTemplate,8,10,29
discord4j.common.operator.RateLimitOperator,8,11,54
discord4j.core.object.automod.AutoModRule$EventType,1,5,20
discord4j.gateway.state.DispatchStoreLayer,50,8,83
discord4j.core.object.entity.Message$Type,1,41,119
discord4j.core.spec.DefaultVoiceServerUpdateTask,8,4,12
discord4j.core.object.entity.ScheduledEvent$Status,1,7,22
discord4j.core.object.presence.Activity,8,28,152
discord4j.core.event.domain.guild.GuildUpdateEvent,5,4,18
discord4j.core.object.component.MessageComponent$Type,1,11,30
discord4j.core.spec.RoleEditSpecGenerator,8,8,12
discord4j.rest.service.AuditLogServiceTest,6,2,10
discord4j.common.close.CloseException,3,8,27
discord4j.core.event.domain.channel.TextChannelDeleteEvent,4,3,13
discord4j.voice.VoiceReactorResources$Builder,6,8,34
discord4j.voice.json.VoiceDisconnect,2,2,18
discord4j.core.object.monetization.SKU,7,11,86
discord4j.core.object.entity.poll.Poll$PollLayoutType,1,4,19
discord4j.rest.entity.RestChannel,33,46,150
discord4j.core.event.domain.integration.IntegrationCreateEvent,5,3,15
discord4j.core.object.audit.AuditLogChangeParser,13,2,33
discord4j.core.event.domain.channel.NewsChannelDeleteEvent,4,3,13
discord4j.core.object.entity.Message$Flag,1,7,35
discord4j.core.event.domain.interaction.MessageInteractionEvent,14,5,17
discord4j.core.object.presence.Activity$Type,1,9,34
discord4j.rest.interaction.GuildInteraction,4,2,4
com.iwebpp.crypto.TweetNaclFast$poly1305,3,20,345
discord4j.core.object.entity.Role,22,34,145
discord4j.core.support.AddRandomReaction,5,5,27
discord4j.core.spec.legacy.LegacyVoiceChannelJoinSpec,28,16,96
discord4j.core.event.domain.message.MessageCreateEvent,11,6,26
discord4j.core.object.entity.ForumTag,4,8,29
discord4j.core.object.presence.Activity$Flag,1,12,32
discord4j.core.spec.GuildBanQueryMonoGenerator,7,4,8
discord4j.gateway.limiter.PayloadTransformer,1,0,2
discord4j.common.store.action.read.GetChannelsInGuildAction,2,2,9
discord4j.core.event.dispatch.MessageDispatchHandlers,27,9,85
discord4j.rest.service.InviteServiceTest,7,4,19
discord4j.core.event.domain.guild.GuildDeleteEvent,6,5,23
discord4j.rest.RestClientBuilder,18,26,168
discord4j.core.shard.ShardingStrategy,8,9,59
discord4j.core.spec.EmbedCreateFields$Footer,6,4,10
discord4j.core.spec.StageChannelEditMonoGenerator,6,3,7
discord4j.core.object.automod.AutoModRuleAction,5,5,62
discord4j.common.store.action.read.GetUsersAction,2,1,4
discord4j.common.StoreLayoutTest$Anonymous1,2,1,5
discord4j.core.spec.legacy.LegacyWebhookEditWithTokenSpec,6,4,15
discord4j.core.object.audit.AuditLogChange,2,4,17
discord4j.core.object.component.SelectMenu$DefaultValue,4,5,38
discord4j.common.store.action.gateway.GuildMemberRemoveAction,3,2,10
discord4j.core.event.domain.channel.VoiceChannelDeleteEvent,4,3,13
discord4j.core.spec.StageInstanceEditSpecGenerator,5,3,7
discord4j.core.spec.legacy.LegacyAuditLogQuerySpec,4,5,22
discord4j.core.shard.DefaultShardingStrategy$Builder,6,10,38
discord4j.core.object.MessageInteraction,6,6,23
discord4j.core.event.domain.guild.GuildEvent,3,1,5
discord4j.rest.request.RequestStream,20,11,136
discord4j.common.store.action.read.GetGuildsAction,2,1,4
discord4j.rest.request.DiscardedRequestException,1,2,10
discord4j.common.store.action.gateway.GuildMemberUpdateAction,3,2,10
discord4j.gateway.GatewayWebsocketHandler,18,19,69
discord4j.core.event.domain.channel.CategoryCreateEvent,4,3,13
discord4j.core.event.domain.lifecycle.ReconnectFailEvent,3,3,13
discord4j.common.retry.ReconnectContext,0,8,33
discord4j.voice.VoiceConnectionRegistry,4,3,5
discord4j.voice.DefaultVoiceGatewayClient$Anonymous2,9,10,23
discord4j.voice.DefaultVoiceGatewayClient$Anonymous1,0,0,2
discord4j.rest.request.DiscordWebResponse,4,4,17
discord4j.core.spec.NewsChannelCreateSpecGenerator,8,8,12
com.iwebpp.crypto.TweetNaclFast$Box$KeyPair,1,3,14
discord4j.core.CoreResources,6,1,5
discord4j.core.event.ReactiveEventAdapter$CompositeReactiveEventAdapter,3,2,9
discord4j.core.object.onboarding.Onboarding$Mode,1,5,22
discord4j.core.object.entity.Guild$ResourceNavigation,0,3,15
discord4j.common.store.action.gateway.StageInstanceCreateAction,2,2,10
discord4j.core.object.component.Button,10,32,115
discord4j.rest.http.EmptyReaderStrategy,3,3,8
discord4j.core.object.entity.channel.TopLevelGuildMessageWithThreadsChannel,15,7,21
discord4j.core.object.presence.ClientActivity,4,11,36
discord4j.common.store.action.gateway.MessageReactionRemoveEmojiAction,2,2,10
discord4j.common.store.api.ActionMapper,6,8,42
discord4j.core.event.dispatch.MonetizationDispatchHandlers,8,3,14
discord4j.rest.service.UserServiceTest,8,11,38
discord4j.common.store.legacy.LegacyStoreLayout$Type,1,14,36
discord4j.core.object.entity.channel.ThreadChannel,26,32,152
com.iwebpp.crypto.TweetNaclFast$Signature$KeyPair,1,3,14
discord4j.core.event.domain.StageRequestToSpeakEvent,11,6,24
discord4j.core.object.entity.ScheduledEvent,18,28,151
discord4j.rest.request.NonBlockingLimiterTestApp,1,1,6
discord4j.core.object.entity.Guild$SystemChannelFlag,1,7,30
discord4j.core.ExampleChatInputInteractionEvent$Anonymous1,3,2,10
discord4j.gateway.DefaultGatewayClient,53,82,422
discord4j.common.util.Snowflake,3,18,55
discord4j.core.event.domain.lifecycle.ReconnectEvent,3,3,13
discord4j.core.event.domain.guild.StickersUpdateEvent,11,6,26
discord4j.common.store.action.read.CountStickersInGuildAction,1,1,5
discord4j.core.object.onboarding.OnboardingPrompt,6,11,66
discord4j.gateway.ZlibDecompressor,6,9,39
discord4j.core.event.domain.interaction.InteractionCreateEvent$EventInteractionResponse,10,12,46
discord4j.common.store.impl.EmptyPartialUser,4,16,51
discord4j.core.object.reaction.ReactionCountDetails,3,5,20
discord4j.core.event.domain.guild.MemberChunkEvent,11,9,41
discord4j.core.spec.CreateTestEntitlementSpecGenerator,7,4,8
discord4j.core.spec.ForumChannelCreateSpecGenerator,11,14,18
discord4j.core.spec.RoleCreateSpecGenerator,8,8,12
discord4j.core.object.entity.Guild$ContentFilterLevel,1,6,25
discord4j.core.object.entity.channel.NewsChannel,16,8,33
discord4j.common.store.action.read.GetThreadMemberByIdAction,2,3,14
discord4j.core.event.domain.channel.ForumChannelUpdateEvent,5,4,18
discord4j.core.object.ThreadListPart,5,5,27
discord4j.rest.interaction.InteractionResponse,6,11,13
discord4j.gateway.retry.GatewayRetrySpec,17,25,125
discord4j.core.event.domain.guild.GuildCreateEvent,4,3,13
discord4j.core.event.domain.message.MessageDeleteEvent,11,8,34
discord4j.rest.http.ExchangeStrategies$Builder,5,3,15
discord4j.common.store.impl.ImplUtils,7,10,35
discord4j.rest.request.GlobalRateLimiter,6,4,8
discord4j.common.sinks.TimeoutEmissionStrategy,7,27,83
discord4j.core.event.domain.automod.AutoModRuleCreateEvent,4,1,5
discord4j.common.store.impl.StorageBackend$Anonymous1,5,1,5
discord4j.common.store.impl.StorageBackend$Anonymous3,5,2,9
discord4j.core.event.domain.channel.PrivateChannelDeleteEvent,4,3,13
discord4j.rest.util.Image,5,14,77
discord4j.common.store.impl.StorageBackend$Anonymous2,4,1,5
discord4j.core.object.entity.channel.ForumChannel$LayoutType,1,5,21
discord4j.core.spec.GuildTemplateEditMonoGenerator,6,3,7
discord4j.core.util.MentionUtil,2,5,18
discord4j.core.event.domain.interaction.DeferrableInteractionEvent,27,25,108
discord4j.core.object.command.ResolvedChannel,13,12,41
discord4j.rest.request.UnboundedGlobalRateLimiter,6,4,12
discord4j.core.object.entity.channel.BaseTopLevelGuildChannel,12,3,17
discord4j.core.shard.GatewayClientGroupManager,2,2,4
discord4j.rest.entity.RestRole,12,19,50
discord4j.voice.json.SentSpeaking$Data,1,4,19
discord4j.core.event.domain.AuditLogEntryCreateEvent,10,5,21
discord4j.core.object.audit.AuditLogRole,3,9,28
discord4j.core.object.component.SelectMenu$DefaultValue$Type,1,5,20
discord4j.core.object.Embed$Video,3,7,24
discord4j.common.store.action.read.CountTotalAction,2,2,10
discord4j.common.store.impl.StorageConfig,4,8,40
discord4j.core.spec.legacy.LegacyBanQuerySpec,3,4,17
discord4j.gateway.payload.JacksonPayloadReader,9,7,38
discord4j.rest.util.InteractionResponseType,1,11,40
discord4j.core.object.entity.channel.TopLevelGuildChannel,12,9,40
discord4j.gateway.retry.GatewayRetrySignal,1,6,27
discord4j.core.spec.GuildCreateSpecGenerator,16,11,30
discord4j.core.object.entity.ApplicationInfo$Flag,1,7,24
discord4j.core.spec.VoiceChannelCreateSpecGenerator,8,8,12
discord4j.core.spec.ApplicationEmojiCreateMonoGenerator,6,3,7
discord4j.common.retry.ReconnectOptions$Builder,8,15,66
discord4j.gateway.retry.PartialDisconnectException,2,1,5
discord4j.common.store.impl.LocalStoreLayout$EmojiKey,3,9,20
discord4j.core.object.audit.ChangeKey,15,5,86
discord4j.core.ExampleAuditLog,3,1,8
discord4j.core.spec.EntitlementListRequestSpecGenerator,8,8,20
discord4j.core.spec.legacy.LegacyMessageReferenceSpec,5,5,22
discord4j.common.store.action.gateway.GuildStickersUpdateAction,3,2,10
discord4j.core.spec.ForumChannelEditSpecGenerator,11,14,18
discord4j.core.object.entity.channel.GuildMessageChannel,11,6,30
discord4j.core.event.dispatch.ThreadDispatchHandlers,19,6,35
discord4j.core.spec.GuildEmojiEditSpecGenerator,7,3,7
discord4j.core.spec.InteractionCallbackSpecDeferEditMonoGenerator,6,3,7
discord4j.voice.json.Speaking$Data,0,4,19
discord4j.core.ExampleModal,7,6,40
discord4j.core.event.dispatch.GuildDispatchHandlers,65,21,157
discord4j.core.event.domain.StageInstanceDeleteEvent,5,3,13
discord4j.core.event.domain.interaction.AutoCompleteInteractionEvent,5,1,5
discord4j.voice.VoiceReactorResources,7,14,84
discord4j.core.support.EventHandler,2,1,3
discord4j.voice.json.Resume,2,2,28
discord4j.core.event.domain.thread.ThreadMemberUpdateEvent,5,4,18
discord4j.oauth2.DiscordOAuth2ResponseHandler,5,1,3
discord4j.rest.request.Router,2,1,3
discord4j.core.spec.InviteCreateSpecGenerator,8,8,12
discord4j.rest.http.client.ClientResponse,18,13,66
discord4j.core.spec.StageChannelCreateSpecGenerator,8,7,11
discord4j.common.store.action.read.GetAutoModRulesInGuildAction,2,2,9
discord4j.rest.service.StickerService,12,9,29
discord4j.rest.response.RetryingTransformer,6,3,14
discord4j.core.spec.WebhookEditWithTokenMonoGenerator,6,3,7
discord4j.common.store.action.read.GetPresencesInGuildAction,2,2,9
discord4j.common.store.action.read.CountTotalMessagesAction,1,1,5
discord4j.core.spec.InteractionReplyEditMonoGenerator,6,3,7
discord4j.core.object.command.Interaction,18,28,105
discord4j.core.event.domain.VoiceServerUpdateEvent,9,6,26
discord4j.core.event.dispatch.ApplicationCommandDispatchHandlers,17,4,29
discord4j.core.object.monetization.SKU$Flag,1,7,24
discord4j.common.store.action.gateway.MessageReactionRemoveAction,2,2,10
discord4j.core.object.entity.Guild$GuildFeature,1,4,16
discord4j.rest.util.OrderUtil,3,2,9
discord4j.core.object.BulkBan,4,5,20
discord4j.common.store.action.read.GetRoleByIdAction,2,3,14
discord4j.common.store.impl.LocalStoreLayout$GuildContent,5,4,34
discord4j.rest.interaction.GlobalCommandRegistrar,7,4,20
discord4j.voice.json.Hello$Data,0,2,9
discord4j.core.event.ReplayingEventDispatcher$State,0,0,1
discord4j.rest.interaction.ApplicationCommandDefinition,4,2,4
discord4j.rest.interaction.InteractionMember,5,6,8
discord4j.common.store.action.gateway.GuildUpdateAction,3,2,10
discord4j.core.event.domain.interaction.UserInteractionEvent,14,5,17
discord4j.core.spec.MessageCreateMonoGenerator,6,3,7
discord4j.core.spec.StartThreadInForumChannelSpecGenerator,9,6,10
discord4j.core.util.EntityUtil,20,17,48
discord4j.rest.service.VoiceService,7,2,8
discord4j.rest.interaction.Interactions$Anonymous1,3,2,8
discord4j.rest.interaction.Interactions$Anonymous2,5,2,8
discord4j.core.spec.MessageCreateFields$FileSpoiler,4,2,8
discord4j.core.object.entity.Message,42,78,404
discord4j.voice.json.Ready$Data,0,4,19
discord4j.common.store.action.gateway.MessageReactionAddAction,2,2,10
discord4j.core.spec.MessageEditMonoGenerator,6,3,7
discord4j.rest.interaction.InteractionValidator,0,1,3
discord4j.common.ReactorResources,6,13,67
discord4j.core.object.command.ApplicationCommandInteraction,11,14,49
discord4j.core.object.entity.channel.TextChannel,14,13,49
discord4j.core.object.entity.channel.VoiceChannel$Mode,1,5,22
discord4j.core.object.monetization.SKU$Type,1,7,23
discord4j.rest.util.PaginationUtil,3,13,46
discord4j.core.object.GuildTemplate,15,21,82
discord4j.core.event.domain.poll.PollVoteAddEvent,5,1,5
discord4j.core.retriever.RestEntityRetriever,31,26,94
discord4j.common.store.action.gateway.GatewayActions,79,41,125
discord4j.common.store.action.read.CountRolesInGuildAction,1,1,5
discord4j.core.event.domain.message.ReactionRemoveEvent,15,13,55
discord4j.core.event.domain.channel.StoreChannelUpdateEvent,5,4,18
discord4j.core.spec.legacy.LegacyRoleCreateSpec,6,13,38
discord4j.common.store.action.gateway.ShardAwareAction,2,2,9
discord4j.core.event.domain.thread.ThreadEvent,3,1,5
discord4j.common.store.action.gateway.ChannelDeleteAction,3,2,10
discord4j.common.store.action.gateway.GuildScheduledEventUpdateAction,3,2,10
discord4j.core.spec.MessageCreateFields,4,1,23
discord4j.rest.entity.RestStageInstance,9,12,32
discord4j.core.event.domain.command.ApplicationCommandEvent,3,1,5
discord4j.core.object.entity.channel.BaseChannel,7,10,35
discord4j.core.object.entity.IntegrationApplication,6,9,33
discord4j.core.spec.WebhookCreateMonoGenerator,6,3,7
discord4j.core.spec.EntitlementListRequestFluxGenerator,8,4,8
discord4j.core.spec.GuildEditMonoGenerator,6,3,7
discord4j.core.util.ValidationUtil,4,9,21
discord4j.common.store.impl.StorageConfig$Builder,5,4,17
discord4j.core.retriever.StoreEntityRetriever,23,25,80
discord4j.core.spec.BulkBanRequestMonoGenerator,6,3,7
discord4j.rest.entity.RestGuild,52,66,209
discord4j.common.store.action.read.GetPresenceByIdAction,2,3,14
discord4j.core.object.component.TextInput,8,27,102
discord4j.core.object.reaction.Reaction$Type,1,5,19
discord4j.core.spec.legacy.LegacyAuditSpec,4,2,4
discord4j.core.event.domain.lifecycle.ReadyEvent,6,8,62
discord4j.common.store.Store,114,53,164
discord4j.common.store.action.read.GetAutoModRuleByIdAction,2,3,14
discord4j.common.store.api.layout.GatewayDataUpdater,56,43,45
discord4j.core.object.ApplicationTeamMember$TeamMemberRole,1,6,21
discord4j.voice.DefaultVoiceGatewayClient,61,32,272
discord4j.core.object.command.Interaction$Type,1,8,25
discord4j.core.object.FollowedChannel,8,8,29
discord4j.core.ExampleStore,16,3,42
discord4j.rest.interaction.Interactions$GuildApplicationCommandRequest,3,3,14
discord4j.core.object.component.MessageComponent,7,12,60
discord4j.voice.LocalVoiceConnectionRegistry,6,4,24
discord4j.common.util.TimestampFormat,0,4,20
discord4j.voice.LocalVoiceReceiveTask,7,4,25
discord4j.core.spec.OnboardingEditSpecGenerator,9,5,9
discord4j.core.object.PermissionOverwrite,5,13,64
discord4j.rest.request.RequestQueue,2,2,4
discord4j.core.object.presence.ClientPresence,6,10,34
discord4j.rest.request.RouteMatcher,5,10,29
discord4j.core.object.entity.poll.PollAnswerCount,1,4,15
discord4j.common.store.action.read.GetStickersAction,2,1,4
discord4j.core.event.domain.UserUpdateEvent,5,4,18
discord4j.core.shard.DefaultShardingStrategy,10,9,69
discord4j.core.support.Commands,11,18,91
discord4j.gateway.state.DispatchStoreLayer$DispatchToAction,2,1,8
discord4j.core.object.entity.channel.PrivateChannel,6,4,14
discord4j.core.event.domain.interaction.ApplicationCommandInteractionEvent,8,4,14
discord4j.core.ExampleIntents,2,1,5
discord4j.rest.service.RestService,1,2,9
discord4j.core.object.command.ApplicationCommand$Type,1,6,21
discord4j.core.util.AuditLogUtil,2,2,21
discord4j.core.object.Invite,12,21,90
discord4j.core.spec.GuildMemberEditSpecGenerator,7,7,11
discord4j.core.object.entity.Entity,2,1,3
discord4j.core.event.domain.poll.PollVoteRemoveEvent,5,1,5
discord4j.rest.interaction.InteractionHandlerSpec,6,5,25
discord4j.common.JacksonResources,7,7,26
discord4j.core.event.domain.thread.ThreadChannelDeleteEvent,4,3,13
discord4j.voice.LocalVoiceReceiveTaskFactory,7,1,5
discord4j.common.store.action.read.GetGuildScheduledEventUsersAction,2,1,4
discord4j.core.spec.GuildStickerEditMonoGenerator,6,3,7
discord4j.common.store.action.read.GetVoiceStateByIdAction,2,3,14
discord4j.common.store.legacy.ListUtil,1,7,31
discord4j.core.object.entity.ApplicationTeam,10,9,32
discord4j.core.shard.MemberRequestFilter,4,6,19
discord4j.core.spec.CategoryCreateSpecGenerator,7,4,8
discord4j.common.store.action.gateway.UserUpdateAction,3,2,10
discord4j.core.ExampleVoice,9,1,9
discord4j.rest.util.ColorTest,2,3,32
discord4j.rest.entity.RestInvite,8,12,38
discord4j.common.store.action.gateway.GuildRoleUpdateAction,3,2,10
discord4j.core.spec.InteractionPresentModalMonoGenerator,6,3,7
discord4j.gateway.GatewayClient,10,14,18
discord4j.core.event.domain.guild.UnbanEvent,10,5,21
discord4j.core.spec.ThreadChannelEditMonoGenerator,6,3,7
discord4j.gateway.GatewayConnection,0,0,10
discord4j.rest.RestTests,4,3,12
discord4j.core.spec.legacy.LegacyVoiceChannelCreateSpec,7,10,39
discord4j.core.ExampleInteractionsAttachment,4,2,20
discord4j.common.store.action.read.GetMembersAction,2,1,4
discord4j.core.event.domain.channel.StoreChannelDeleteEvent,4,3,13
discord4j.core.event.dispatch.DispatchContext,6,6,23
discord4j.common.store.impl.WithUser,4,5,19
discord4j.gateway.GatewayClientGroup,6,6,10
discord4j.rest.request.SemaphoreGlobalRateLimiter$Resource,0,1,8
discord4j.core.spec.legacy.LegacyVoiceChannelEditSpec,8,12,47
discord4j.common.store.action.gateway.ThreadUpdateAction,3,2,10
discord4j.voice.VoiceDisconnectTask,2,1,3
discord4j.common.ResettableInterval,7,9,34
discord4j.core.object.Embed$Thumbnail,2,7,24
discord4j.core.object.entity.Emoji,8,15,47
discord4j.core.object.reaction.ReactionEmoji$Unicode,4,10,31
discord4j.core.spec.legacy.LegacyNewsChannelEditSpec,7,9,39
discord4j.core.support.VoiceSupport$Leave,4,4,17
discord4j.core.spec.ForumTagCreateSpecGenerator,7,5,9
discord4j.core.ExampleModifyButtons,11,9,69
discord4j.common.store.action.gateway.InvalidateShardAction,2,2,10
discord4j.core.object.automod.AutoModRuleAction$AutoModRuleActionMetaData,4,5,20
discord4j.core.event.domain.channel.PinsUpdateEvent,10,7,29
discord4j.core.event.domain.guild.MemberUpdateEvent,16,17,76
discord4j.core.object.entity.Webhook$Type,1,5,22
discord4j.gateway.json.ShardGatewayPayload,7,5,19
discord4j.core.spec.legacy.LegacyNewsChannelCreateSpec,7,10,39
discord4j.rest.entity.RestGuildTest,5,1,9
discord4j.core.spec.GuildCreateFields$PartialChannel,5,4,10
discord4j.voice.VoiceConnectionFactory,4,1,3
discord4j.core.event.domain.channel.UnknownChannelCreateEvent,4,3,13
discord4j.rest.interaction.InteractionMemberOperations,9,7,26
discord4j.core.spec.legacy.LegacySpec,1,1,3
discord4j.core.object.presence.Presence,4,9,30
discord4j.rest.RestClientBuilder$Config,8,9,44
discord4j.common.close.DisconnectBehavior,3,9,30
discord4j.common.close.DisconnectBehavior$Action,0,0,1
discord4j.core.object.ApplicationRoleConnectionMetadata$Type,1,11,40
discord4j.voice.json.Resume$Data,1,4,19
discord4j.core.spec.WebhookEditWithTokenSpecGenerator,7,3,7
discord4j.voice.VoiceSocket,15,13,75
discord4j.core.object.PermissionOverwrite$Type,1,5,22
discord4j.core.spec.StartThreadFromMessageMonoGenerator,6,3,7
discord4j.common.store.action.read.GetEmojisAction,2,1,4
discord4j.core.object.entity.Sticker,6,7,70
discord4j.core.retriever.EntityRetriever,18,24,26
discord4j.rest.service.MonetizationService,14,7,23
discord4j.rest.response.EmptyResponseTransformer,5,3,14
discord4j.core.object.entity.User,22,41,145
discord4j.core.object.reaction.ReactionEmoji$Custom,5,16,44
discord4j.rest.request.SemaphoreGlobalRateLimiter,7,14,67
discord4j.core.event.domain.channel.CategoryDeleteEvent,4,3,13
discord4j.core.event.domain.integration.IntegrationUpdateEvent,5,3,15
discord4j.core.event.domain.InviteCreateEvent,11,15,62
discord4j.common.store.action.read.CountChannelsInGuildAction,1,1,5
discord4j.core.object.command.ApplicationCommandInteractionOptionValue,14,14,53
discord4j.common.store.action.read.GetPresencesAction,2,1,4
discord4j.voice.AudioReceiver,2,5,30
discord4j.core.object.DiscordObject,1,1,3
discord4j.core.spec.WebhookEditMonoGenerator,6,3,7
discord4j.rest.util.AllowedMentions,9,20,142
discord4j.common.store.action.gateway.GuildRoleCreateAction,2,2,10
discord4j.common.store.impl.WrappedGuildData,2,7,34
discord4j.core.event.dispatch.DispatchEventMapper$Anonymous1,6,1,5
discord4j.core.spec.VoiceChannelEditSpecGenerator,9,10,14
discord4j.core.event.dispatch.DispatchEventMapper$Anonymous2,5,1,5
discord4j.core.object.command.ApplicationCommandOptionChoice,6,10,41
discord4j.core.event.domain.lifecycle.ResumeEvent,3,3,13
discord4j.rest.json.response.ErrorResponse,1,3,12
discord4j.core.ExampleForum,4,1,13
discord4j.core.object.command.ApplicationCommandPermission,5,10,56
discord4j.core.object.entity.channel.GuildChannel,11,6,16
discord4j.core.state.ParameterData,0,2,9
discord4j.rest.interaction.Interactions$ApplicationCommandRequestDefinition,1,1,3
discord4j.voice.json.Speaking,2,2,28
discord4j.core.ExampleThread,12,8,71
discord4j.rest.http.WriterStrategy,3,2,4
discord4j.common.store.action.read.GetMembersInThreadAction,2,2,9
discord4j.core.spec.ScheduledEventEntityMetadataSpecGenerator,5,2,6
discord4j.gateway.ExampleGatewayClient,17,1,23
discord4j.oauth2.DiscordOAuth2Server,15,8,162
discord4j.core.ExampleChatInputInteractionEvent,7,3,29
discord4j.core.object.Invite$Type,1,5,22
discord4j.core.event.domain.StageInstanceUpdateEvent,5,4,18
discord4j.core.event.domain.lifecycle.GatewayLifecycleEvent,3,1,5
discord4j.core.object.entity.poll.PollAnswer,3,7,24
discord4j.core.spec.AuditLogQueryFluxGenerator,6,3,7
discord4j.core.spec.EmbedCreateSpecGenerator,12,11,44
discord4j.voice.VoiceGatewayOptions,14,18,89
discord4j.voice.json.Identify,2,2,33
discord4j.core.object.entity.User$Flag,1,7,24
discord4j.core.object.entity.channel.StoreChannel,9,5,23
discord4j.common.ReactorResources$Builder,4,5,22
discord4j.core.object.monetization.Entitlement$OwnerType,1,5,19
discord4j.core.event.domain.lifecycle.SessionInvalidatedEvent,3,2,8
discord4j.core.object.Embed$Image,2,7,24
discord4j.voice.VoiceReceiveTaskFactory,5,1,3
discord4j.core.object.entity.channel.ForumChannel,21,16,90
discord4j.core.object.entity.Attachment,7,18,79
discord4j.core.ExampleWithGateway,3,1,6
discord4j.rest.service.GatewayServiceTest,6,3,12
discord4j.core.spec.GuildPruneCountSpecGenerator,7,3,10
discord4j.oauth2.Scope,1,33,106
discord4j.core.spec.TextChannelEditSpecGenerator,8,8,12
discord4j.core.object.VoiceState,11,24,77
discord4j.core.event.domain.message.MessageBulkDeleteEvent,11,8,34
discord4j.core.spec.InteractionCallbackSpecDeferReplyMonoGenerator,6,3,7
discord4j.rest.request.DiscordWebRequest,8,27,108
discord4j.core.shard.SingleGatewayClientGroup$RoutableGatewayClient,13,15,50
discord4j.core.object.entity.Guild$NsfwLevel,1,7,23
discord4j.core.object.entity.Integration,13,24,101
discord4j.core.object.entity.channel.CategorizableChannel,14,8,31
discord4j.core.spec.WebhookEditSpecGenerator,8,4,8
discord4j.common.store.impl.StorageBackend,7,5,34
discord4j.core.spec.StoreChannelEditSpecGenerator,8,5,9
discord4j.voice.VoiceStateUpdateTask,3,1,3
discord4j.core.event.domain.channel.TextChannelCreateEvent,4,3,13
discord4j.rest.http.client.ClientRequest,11,12,56
discord4j.core.object.automod.AutoModRuleTriggerMetaData$Preset,1,5,21
discord4j.core.object.audit.ActionType,1,60,129
discord4j.rest.service.StageInstanceService,10,5,17
discord4j.core.object.command.ApplicationCommandOption,9,18,98
discord4j.core.spec.ForumChannelCreateMonoGenerator,6,2,6
discord4j.rest.util.Multimap,3,24,82
discord4j.gateway.payload.PayloadReader,3,1,3
discord4j.rest.util.Image$Format,1,7,29
discord4j.gateway.CompositeGatewayObserver,4,10,54
discord4j.common.store.action.read.GetGuildScheduledEventByIdAction,2,3,14
discord4j.rest.http.MultipartWriterStrategy,10,10,41
discord4j.core.object.Embed$Field,2,6,23
discord4j.core.object.onboarding.OnboardingPrompt$Type,1,5,22
discord4j.core.spec.InteractionPresentModalSpecGenerator,7,4,8
discord4j.rest.service.VoiceServiceTest,6,2,9
discord4j.core.object.Embed$Provider,2,5,18
discord4j.core.event.domain.channel.VoiceChannelUpdateEvent,5,4,18
discord4j.core.object.ApplicationTeamMember,11,10,75
discord4j.core.spec.InternalSpecUtils,5,19,40
discord4j.voice.VoiceGatewayEvent,0,0,2
discord4j.common.store.action.read.CountTotalRolesAction,1,1,5
discord4j.core.spec.GuildStickerEditSpecGenerator,5,4,8
discord4j.core.spec.PollVotersRequestFluxGenerator,9,7,11
discord4j.rest.response.ResponseFunction,8,7,21
discord4j.rest.service.EmojiService,14,11,35
discord4j.core.event.domain.integration.IntegrationDeleteEvent,5,4,20
discord4j.rest.util.Color,2,20,84
discord4j.core.event.domain.channel.CategoryUpdateEvent,5,4,18
discord4j.core.spec.ApplicationEmojiEditSpecGenerator,5,2,6
discord4j.rest.entity.RestScheduledEvent,14,11,52
discord4j.voice.AudioProvider,1,4,20
discord4j.common.store.action.read.CountTotalAction$CountableEntity,0,0,1
discord4j.core.spec.GuildMemberEditMonoGenerator,6,3,7
discord4j.core.object.component.TextInput$Style,1,5,18
discord4j.gateway.limiter.ExamplePayloadTransformer,5,2,23
discord4j.core.ExampleCustomOptionsBot$CustomOptions,1,2,10
discord4j.gateway.intent.IntentSet,3,24,75
discord4j.rest.service.GuildService,46,57,173
discord4j.core.spec.NewsChannelCreateMonoGenerator,6,3,7
discord4j.rest.service.ChannelServiceTest,16,36,133
discord4j.gateway.PayloadHandler,3,1,3
discord4j.rest.interaction.Interactions$RequestApplicationCommandDefinition,4,3,14
discord4j.core.spec.legacy.LegacyCategoryEditSpec,6,6,27
discord4j.common.store.api.StoreFlag,0,0,14
discord4j.core.spec.TextChannelCreateMonoGenerator,6,3,7
discord4j.core.support.VoiceSupport$MyAudioLoadResultHandler,5,5,15
discord4j.core.object.reaction.Reaction,6,10,54
discord4j.common.store.action.gateway.GuildScheduledEventDeleteAction,3,2,10
discord4j.core.event.domain.lifecycle.DisconnectEvent,5,4,18
discord4j.voice.json.Ready,2,2,28
discord4j.voice.json.Heartbeat,1,1,6
discord4j.common.store.action.read.GetRolesAction,2,1,4
discord4j.voice.LocalVoiceSendTaskFactory,7,1,5
discord4j.voice.json.Resumed,1,1,6
discord4j.rest.http.ReaderStrategy,3,2,4
discord4j.core.spec.WebhookMessageEditMonoGenerator,7,5,13
discord4j.core.object.command.ApplicationCommand,10,18,82
discord4j.core.spec.AutoModRuleEditSpecGenerator,9,8,18
discord4j.core.spec.legacy.LegacyGuildTemplateEditSpec,4,3,15
discord4j.core.spec.legacy.LegacyTextChannelCreateSpec,7,12,43
discord4j.core.object.entity.StageInstance,11,11,41
discord4j.core.spec.EmbedCreateSpecGenerator$Builder,8,4,27
discord4j.core.spec.legacy.LegacyUserEditSpec,6,4,15
discord4j.core.spec.GuildTemplateCreateMonoGenerator,6,3,7
discord4j.core.spec.Spec,1,1,3
discord4j.core.spec.ThreadChannelEditSpecGenerator,9,9,13
discord4j.core.event.domain.interaction.ChatInputAutoCompleteEvent,14,10,33
discord4j.core.retriever.EntityRetrievalStrategy,6,0,5
discord4j.rest.RestResources,7,10,42
discord4j.core.event.dispatch.DispatchHandler,5,1,3
discord4j.common.store.action.read.CountVoiceStatesInGuildAction,1,1,5
discord4j.oauth2.ExampleOAuth2ClientCredentials,9,3,32
discord4j.rest.http.client.ClientException,9,13,52
discord4j.core.object.ScheduledEventUser,6,6,25
discord4j.core.object.ExtendedInvite,4,8,25
discord4j.core.event.domain.message.MessageUpdateEvent,13,13,57
discord4j.core.shard.ShardingGatewayClientGroup,6,8,28
discord4j.core.object.entity.ScheduledEvent$PrivacyLevel,1,4,16
discord4j.gateway.GatewayOptions,8,13,62
discord4j.rest.http.FallbackReaderStrategy,5,6,32
discord4j.core.spec.StoreChannelEditMonoGenerator,6,3,7
discord4j.core.spec.ScheduledEventEditMonoGenerator,6,3,7
discord4j.core.object.ExtendedPermissionOverwrite,14,14,50
discord4j.core.util.ArrayUtil,2,19,70
discord4j.common.store.action.gateway.ThreadDeleteAction,2,2,10
discord4j.core.ExampleCustomOptionsBot,3,1,27
discord4j.voice.retry.PartialDisconnectException,2,1,5
discord4j.core.DiscordClientBuilder,11,5,29
discord4j.core.command.CommandOperations,9,12,53
discord4j.core.spec.EmbedCreateFields$Author,6,6,12
discord4j.rest.request.SinksRequestQueueFactory,8,2,21
discord4j.rest.service.InviteService,9,4,14
discord4j.common.store.action.gateway.VoiceStateUpdateDispatchAction,3,2,10
discord4j.common.store.action.gateway.MessageDeleteBulkAction,3,2,10
discord4j.core.event.domain.InviteDeleteEvent,8,6,26
discord4j.core.event.domain.role.RoleCreateEvent,10,5,21
discord4j.voice.VoiceConnection,7,9,23
discord4j.common.store.action.gateway.ThreadMemberUpdateAction,3,2,10
discord4j.core.ExampleGuildScheduledEvents,5,1,37
discord4j.voice.json.VoiceDisconnect$Data,0,2,9
discord4j.common.store.action.read.GetChannelByIdAction,2,2,9
discord4j.gateway.payload.JacksonPayloadReader$Anonymous1,0,0,2
discord4j.rest.service.AuditLogService,7,2,8
discord4j.gateway.retry.InvalidSessionException,2,2,8
discord4j.core.event.domain.guild.ScheduledEventCreateEvent,10,5,19
discord4j.core.event.domain.lifecycle.ReconnectStartEvent,3,2,8
discord4j.core.object.automod.AutoModRule,15,19,106
discord4j.core.object.entity.channel.MessageChannel,19,19,75
discord4j.common.store.api.StoreAction,0,0,2
discord4j.core.spec.OnboardingEditMonoGenerator,6,2,6
discord4j.common.store.impl.NoOpMap,3,17,48
discord4j.common.store.action.gateway.GuildRoleDeleteAction,3,2,10
discord4j.common.store.action.read.CountPresencesInGuildAction,1,1,5
discord4j.core.event.domain.channel.NewsChannelUpdateEvent,7,8,24
discord4j.rest.example.ExampleRestCommand,6,3,24
discord4j.core.spec.ForumThreadMessageCreateSpecGenerator,11,6,11
discord4j.core.spec.NewsChannelEditSpecGenerator,8,8,12
discord4j.core.object.entity.EveryoneRoleLiveTest,8,5,24
discord4j.rest.interaction.InteractionOperations,23,24,87
discord4j.core.event.domain.guild.MemberJoinEvent,10,5,21
discord4j.core.spec.legacy.LegacyGuildEmojiCreateSpec,6,6,28
discord4j.common.close.CloseStatus,2,6,19
discord4j.gateway.json.ShardAwareDispatch,1,4,19
discord4j.rest.interaction.Interactions$NoopInteractionValidator,1,1,5
discord4j.rest.request.BucketKeyTest,2,3,24
discord4j.common.store.action.read.CountTotalVoiceStatesAction,1,1,5
discord4j.core.command.Command,2,0,2
discord4j.common.store.action.read.GetEmojisInGuildAction,2,2,9
discord4j.gateway.IdentifyOptions$Builder,7,6,29
discord4j.core.spec.InteractionReplyEditSpecGenerator,14,8,17
discord4j.rest.request.SinksRequestQueueFactory$Anonymous1,3,2,9
discord4j.core.event.domain.channel.TypingStartEvent,12,9,39
discord4j.rest.request.ProcessorRequestQueueFactory$Anonymous1,4,2,11
discord4j.common.store.action.read.CountTotalGuildsAction,1,1,5
discord4j.core.object.command.ApplicationIntegrationType,1,5,20
com.iwebpp.crypto.TweetNaclFast$SecretBox,3,51,101
discord4j.core.object.automod.AutoModRuleTriggerMetaData,3,10,58
discord4j.rest.entity.RestMessage,11,22,61
discord4j.core.command.CommandHandler,4,3,15
discord4j.core.object.Embed$Footer,2,6,22
discord4j.common.store.action.gateway.GuildScheduledEventCreateAction,2,2,10
discord4j.core.support.VoiceSupport$Reconnect,4,3,12
discord4j.voice.json.SessionDescription$Data,1,3,14
discord4j.rest.request.RouterOptions,6,10,47
discord4j.core.support.VoiceSupport$Join,5,3,20
discord4j.gateway.GatewayReactorResources$Builder,5,6,24
discord4j.rest.entity.RestMember,11,24,73
discord4j.common.store.action.read.GetStickersInGuildAction,2,2,9
discord4j.core.event.domain.poll.PollVoteEvent,12,11,45
discord4j.common.store.action.read.GetEmojiByIdAction,2,3,14
discord4j.core.spec.CategoryEditSpecGenerator,7,4,8
discord4j.rest.service.TemplateService,12,8,26
discord4j.core.object.entity.Guild$PremiumTier,1,7,28
discord4j.core.spec.StageInstanceEditMonoGenerator,6,3,7
discord4j.core.shard.LocalShardCoordinator,8,9,42
discord4j.core.spec.MessageEditSpecGenerator,15,9,18
discord4j.core.spec.GuildPruneCountMonoGenerator,6,3,7
discord4j.core.util.ListUtil,1,7,31
discord4j.core.spec.legacy.LegacyGuildPruneCountSpec,5,4,19
discord4j.common.store.action.gateway.GuildMemberAddAction,2,2,10
discord4j.gateway.retry.ClosingStateChange,3,3,15
discord4j.oauth2.DiscordOAuth2SuccessHandler,2,1,3
discord4j.common.store.api.ActionMapper$Builder,6,3,15
discord4j.gateway.logback.GatewayEventFilter,5,10,28
discord4j.common.store.action.gateway.MessageReactionRemoveAllAction,2,2,10
discord4j.core.spec.legacy.LegacyGuildEditSpec,12,26,103
discord4j.core.spec.legacy.LegacyMessageEditSpec,12,13,58
discord4j.core.ExampleWithEventDispatcher,4,1,6
discord4j.common.store.action.read.CountTotalEmojisAction,1,1,5
discord4j.core.object.automod.AutoModRule$TriggerType,1,5,23
discord4j.core.spec.CategoryCreateMonoGenerator,6,3,7
discord4j.core.object.audit.AuditLogPart,8,11,60
discord4j.common.store.action.read.GetVoiceStatesInChannelAction,2,3,14
discord4j.core.spec.ApplicationEmojiEditMonoGenerator,6,3,7
discord4j.core.event.domain.guild.IntegrationsUpdateEvent,9,4,16
discord4j.core.object.command.ApplicationCommandContexts,1,6,23
discord4j.core.event.DefaultEventDispatcher,12,7,73
discord4j.core.event.DefaultEventDispatcher$Builder,10,9,35
discord4j.core.spec.MessageCreateSpecGenerator,15,12,21
discord4j.oauth2.DiscordOAuth2Server$OAuth2ServerHandler,13,10,61
discord4j.core.object.entity.Role$Flag,1,7,25
discord4j.common.store.action.read.CountTotalChannelsAction,1,1,5
discord4j.oauth2.service.OAuth2Service,10,5,18
discord4j.core.spec.legacy.LegacyTextChannelEditSpec,7,11,43
discord4j.core.spec.legacy.LegacyWebhookCreateSpec,5,6,23
discord4j.rest.request.RequestQueueFactory,8,4,12
discord4j.common.store.action.read.CountTotalUsersAction,1,1,5
discord4j.common.store.action.gateway.ChannelUpdateAction,3,2,10
discord4j.core.shard.ShardCoordinator,5,4,6
discord4j.core.spec.StartThreadWithoutMessageSpecGenerator,8,6,10
discord4j.core.spec.TextChannelCreateSpecGenerator,8,8,12
discord4j.common.retry.ReconnectOptions,5,11,117
discord4j.common.store.action.read.GetMessageByIdAction,2,3,14
discord4j.common.store.action.read.GetMemberByIdAction,2,3,14
discord4j.core.object.entity.AvatarDecoration,5,6,25
discord4j.common.store.action.gateway.ThreadCreateAction,2,2,10
discord4j.core.spec.StartThreadInForumChannelMonoGenerator,6,3,7
com.iwebpp.crypto.TweetNaclFast$ScalarMult,2,5,17
discord4j.core.object.automod.AutoModRuleAction$Type,1,5,22
discord4j.core.spec.InteractionFollowupCreateSpecGenerator,13,12,24
discord4j.core.object.component.SelectMenu$Option,3,12,39
discord4j.common.store.action.read.CountVoiceStatesInChannelAction,1,3,14
discord4j.oauth2.ExampleOAuth2CodeFlow,8,4,39
discord4j.core.ExampleSoundboard$MyAudioLoadResultHandler,5,5,15
discord4j.rest.entity.RestEmoji,10,16,43
discord4j.core.event.domain.guild.BanEvent,10,5,21
discord4j.core.object.entity.channel.VoiceChannel,12,7,51
discord4j.core.shard.GatewayBootstrap,60,78,410
discord4j.rest.interaction.Interactions$GuildApplicationCommandDefinition,5,3,14
discord4j.core.object.presence.Status$Platform,0,0,1
discord4j.rest.service.InteractionService,7,5,11
discord4j.core.shard.SingleGatewayClientGroup,8,11,86
discord4j.rest.interaction.DirectInteraction,3,1,3
discord4j.rest.util.Permission,1,3,68
discord4j.core.object.entity.Guild$MfaLevel,1,5,22
discord4j.voice.VoiceServerUpdateTask,5,2,6
discord4j.core.event.domain.thread.ThreadChannelCreateEvent,4,4,18
discord4j.core.retriever.FallbackEntityRetriever,19,25,80
discord4j.common.store.action.read.CountMembersInGuildAction,1,1,5
discord4j.core.shard.ShardingStrategy$Anonymous3,4,3,11
discord4j.core.object.entity.channel.StageChannel,18,10,33
discord4j.core.spec.legacy.LegacyEmbedCreateSpec,7,15,54
discord4j.common.store.action.read.GetStageInstanceByChannelIdAction,2,2,9
discord4j.core.object.entity.channel.UnknownChannel,3,2,8
discord4j.core.spec.PollVotersRequestSpecGenerator,7,3,10
discord4j.rest.request.BlockingLimiterTestApp,5,3,19
discord4j.voice.json.SessionDescription,3,2,23
discord4j.core.spec.VoiceChannelEditMonoGenerator,6,3,7
discord4j.gateway.retry.ReconnectException,2,1,5
discord4j.rest.http.JacksonWriterStrategy,9,12,38
discord4j.core.event.domain.command.ApplicationCommandUpdateEvent,10,4,18
discord4j.core.ExampleSoundboard$GuildVoiceSupport,5,1,13
discord4j.core.event.domain.guild.ScheduledEventUpdateEvent,11,6,24
discord4j.gateway.GatewayConnection$State,0,0,8
discord4j.core.spec.legacy.LegacyStoreChannelEditSpec,6,6,27
discord4j.core.spec.VoiceChannelCreateMonoGenerator,6,3,7
discord4j.rest.interaction.Interactions,29,18,169
discord4j.core.spec.ApplicationEditSpecGenerator,9,10,21
discord4j.core.spec.ApplicationEditSpecGenerator$ApplicationEditMonoGenerator,6,3,7
discord4j.core.event.domain.channel.StoreChannelCreateEvent,4,3,13
discord4j.core.event.dispatch.LifecycleDispatchHandlers,19,11,35
discord4j.common.store.api.layout.StoreLayout,4,4,10
discord4j.core.event.domain.automod.AutoModRuleUpdateEvent,4,1,5
discord4j.core.spec.InteractionFollowupCreateMonoGenerator,6,3,7
discord4j.core.spec.WebhookMessageEditSpecGenerator,14,8,19
discord4j.rest.service.ApplicationServiceTest,6,2,9
discord4j.common.store.impl.LocalStoreLayout$Long2,1,7,16
discord4j.gateway.SessionInfo,4,10,33
discord4j.common.store.action.read.ReadActions,41,56,170
discord4j.core.event.dispatch.ChannelDispatchHandlers,45,33,108
discord4j.core.event.dispatch.StageInstanceDispatchHandlers,11,3,20
discord4j.core.spec.EmbedCreateFields$Field,4,5,11
discord4j.core.object.Ban,4,6,23
discord4j.core.spec.GuildTemplateCreateSpecGenerator,5,3,7
discord4j.oauth2.DiscordOAuth2Server$Builder,9,13,64
discord4j.core.object.audit.AuditLogEntry,14,15,60
discord4j.core.spec.legacy.LegacyGuildEmojiEditSpec,6,5,23
discord4j.core.command.CommandListener,11,12,52
discord4j.rest.route.Routes,1,0,193
discord4j.core.spec.GuildCreateFromTemplateSpecGenerator,7,3,7
discord4j.core.object.command.ResolvedMember,13,17,60
discord4j.core.ExampleInteractions,15,22,110
discord4j.core.spec.GuildPruneMonoGenerator,6,3,7
discord4j.core.event.domain.channel.ChannelEvent,3,1,5
discord4j.core.spec.legacy.LegacyRoleEditSpec,7,8,34
discord4j.core.ExampleQuickstart,2,1,10
discord4j.core.shard.ShardingStrategy$Anonymous1,5,4,14
discord4j.core.spec.GuildEditSpecGenerator,13,21,25
discord4j.core.shard.ShardingStrategy$Anonymous2,4,3,11
discord4j.gateway.json.dispatch.EventNames,0,0,71
discord4j.rest.RestClient,61,55,209
discord4j.gateway.limiter.RateLimitTransformer,5,3,12
discord4j.core.event.domain.role.RoleDeleteEvent,11,6,26
discord4j.core.object.entity.poll.PollQuestion,2,4,15
discord4j.common.store.action.read.GetVoiceStatesAction,2,1,4
discord4j.core.spec.WebhookCreateSpecGenerator,7,3,7
discord4j.oauth2.object.AccessToken,4,10,35
discord4j.core.object.entity.channel.Channel,8,7,99
discord4j.core.event.domain.guild.ScheduledEventDeleteEvent,10,5,19
discord4j.rest.interaction.GuildCommandRegistrar,8,4,20
discord4j.core.spec.GuildEmojiCreateMonoGenerator,6,3,7
discord4j.gateway.intent.Intent,0,2,31
discord4j.core.event.domain.channel.UnknownChannelDeleteEvent,4,3,13
discord4j.core.spec.BanQuerySpecGenerator,5,3,11
discord4j.rest.interaction.FollowupInteractionHandler,6,4,17
discord4j.core.object.entity.GuildEmoji,17,18,62
discord4j.gateway.ShardInfo,6,14,40
discord4j.common.store.api.layout.DataAccessor,16,56,68
discord4j.rest.util.MultipartRequest,6,9,36
discord4j.core.event.domain.interaction.ChatInputInteractionEvent,15,12,38
discord4j.voice.json.Hello,2,2,18
discord4j.voice.VoiceWebsocketHandler,16,11,51
discord4j.core.spec.legacy.LegacyInviteCreateSpec,7,10,42
discord4j.core.object.IntegrationAccount,3,5,20
discord4j.rest.response.CompositeTransformer,4,2,9
discord4j.core.object.entity.PartialMember,31,60,241
discord4j.common.store.action.read.CountTotalMembersAction,1,1,5
discord4j.core.ExampleSoundboard$LavaplayerAudioProvider,3,3,16
discord4j.voice.VoiceChannelRetrieveTask,2,1,3
discord4j.core.object.ApplicationIntegrationTypeConfiguration,2,4,15
discord4j.core.object.entity.GuildSticker,11,9,33
discord4j.gateway.GatewayObserver,5,3,60
discord4j.core.spec.StartThreadFromMessageSpecGenerator,7,4,8
discord4j.gateway.json.jackson.PayloadDeserializer,75,12,111
discord4j.common.store.action.read.GetChannelsAction,2,1,4
discord4j.core.spec.legacy.LegacyGuildPruneSpec,5,7,30
discord4j.gateway.payload.JacksonPayloadWriter,5,3,17
discord4j.common.store.action.read.GetExactMembersInGuildAction,2,2,9
discord4j.rest.request.RateLimitRetryOperator,9,11,57
discord4j.core.event.domain.channel.UnknownChannelUpdateEvent,5,4,18
discord4j.core.spec.TextChannelEditMonoGenerator,6,3,7
discord4j.core.object.Embed,12,17,254
discord4j.voice.json.VoiceGatewayPayloadDeserializer,17,9,32
discord4j.core.spec.ForumChannelEditMonoGenerator,6,2,6
discord4j.common.GitProperties,1,3,17
discord4j.core.event.domain.message.ReactionRemoveEmojiEvent,13,9,37
discord4j.common.sinks.EmissionStrategy,6,6,14
discord4j.oauth2.DiscordOAuth2Client,24,18,83
discord4j.gateway.retry.GatewayStateChange$State,0,0,1
discord4j.core.object.entity.poll.Poll,11,15,79
discord4j.voice.retry.VoiceGatewayReconnectException,2,1,5
discord4j.rest.entity.RestWebhook,9,13,35
discord4j.core.event.domain.StageInstanceCreateEvent,4,3,13
discord4j.core.spec.legacy.LegacyGuildCreateFromTemplateSpec,5,3,15
discord4j.core.util.PermissionUtilTest,5,11,81
discord4j.common.store.action.read.CountInGuildAction,2,3,15
discord4j.core.event.domain.guild.ScheduledEventUserAddEvent,12,9,35
discord4j.voice.AudioProvider$Anonymous1,0,1,5
discord4j.core.event.domain.automod.AutoModRuleEvent,9,3,13
discord4j.common.store.action.gateway.ThreadListSyncAction,2,2,10
discord4j.core.event.domain.guild.MemberLeaveEvent,12,6,26
discord4j.core.spec.StageChannelEditSpecGenerator,8,8,12
discord4j.core.spec.GuildTemplateEditSpecGenerator,5,3,7
discord4j.common.store.action.gateway.GuildScheduledEventUserAddAction,2,2,10
discord4j.core.object.command.ApplicationCommandInteractionResolved,12,16,59
discord4j.voice.json.Identify$Data,1,5,24
discord4j.common.store.action.gateway.ThreadMembersUpdateAction,3,2,10
discord4j.rest.interaction.TweetNaclFastInteractionValidator,5,4,17
discord4j.rest.util.RouteUtilsTest,2,6,46
discord4j.common.store.action.gateway.GuildMembersChunkAction,2,2,10
discord4j.core.object.entity.Integration$ExpireBehavior,1,5,22
discord4j.common.store.api.object.PresenceAndUserData,4,9,29
discord4j.core.support.VoiceSupport$Resume,4,3,12
discord4j.voice.json.SelectProtocol$Data$Inner,0,4,19
discord4j.rest.util.AllowedMentions$Type,0,2,11
discord4j.rest.request.BucketGlobalRateLimiter,9,7,27
discord4j.voice.json.SelectProtocol,3,2,42
discord4j.core.spec.MessageCreateFields$File,4,4,10
discord4j.core.object.reaction.DefaultReaction,4,5,20
discord4j.core.logback.GatewayEventFilter,5,10,28
discord4j.rest.interaction.Interactions$GlobalApplicationCommandRequest,2,2,9
discord4j.common.store.action.gateway.MessageUpdateAction,3,2,10
discord4j.rest.http.ExchangeStrategies,12,3,31
discord4j.rest.interaction.Interactions$ReactorNettyServerHandler,3,0,2
discord4j.core.ExampleAllowedMentions,4,4,15
discord4j.core.event.ReplayingEventDispatcher$Builder,12,15,59
discord4j.core.spec.GuildCreateFields,3,1,15
discord4j.rest.request.DefaultRouter,16,14,72
discord4j.rest.service.WebhookService,15,28,62
discord4j.common.store.action.gateway.ChannelCreateAction,2,2,10
discord4j.voice.retry.VoiceGatewayException,1,6,22
discord4j.core.event.dispatch.DispatchHandlers,124,42,230
discord4j.rest.service.UserService,14,9,29
discord4j.core.spec.NewsChannelEditMonoGenerator,6,3,7
discord4j.core.spec.RoleCreateMonoGenerator,6,3,7
discord4j.rest.service.ChannelService,28,45,125
discord4j.core.event.domain.guild.ScheduledEventUserRemoveEvent,12,9,35
discord4j.core.object.Region$Id,2,17,44
discord4j.common.store.api.object.InvalidationCause,0,0,1
discord4j.core.spec.ScheduledEventEditSpecGenerator,12,11,15
discord4j.rest.request.ResponseHeaderStrategy,3,2,11
discord4j.core.spec.legacy.LegacyWebhookEditSpec,7,8,28
discord4j.common.store.impl.LocalStoreLayout,93,152,738
discord4j.common.StoreLayoutTest,6,1,13
discord4j.rest.http.EmptyWriterStrategy,4,3,8
discord4j.core.event.domain.monetization.EntitlementDeleteEvent,8,4,16
discord4j.core.GatewayDiscordClient,62,76,276
discord4j.core.command.CommandContext,13,14,24
discord4j.core.event.domain.interaction.ButtonInteractionEvent,5,1,5
discord4j.common.store.action.read.GetGuildScheduledEventsInGuildAction,2,2,9
discord4j.core.object.component.ActionRow,6,5,20
discord4j.rest.service.GatewayService,7,3,11
discord4j.rest.entity.RestUser,8,12,32
discord4j.core.object.component.SelectMenu,12,51,213
discord4j.core.object.entity.Member,6,6,20
discord4j.core.event.domain.interaction.ModalSubmitInteractionEvent,13,7,30
discord4j.common.store.impl.EmptyUser,5,17,54
discord4j.core.event.dispatch.PollDispatchHandlers,6,2,8
discord4j.common.store.action.gateway.GuildEmojisUpdateAction,3,2,10
discord4j.core.object.entity.PartialMember$Flag,1,7,28
discord4j.core.support.VoiceSupport$Play,6,3,12
discord4j.gateway.payload.PayloadWriter,3,1,3
discord4j.core.object.monetization.Entitlement$Type,1,11,31
discord4j.core.event.domain.monetization.EntitlementUpdateEvent,8,4,16
discord4j.core.event.domain.command.ApplicationCommandPermissionUpdateEvent,10,6,22
discord4j.common.TestStoreLayout,64,100,304
discord4j.common.util.TokenUtil,0,2,10
discord4j.core.ExampleButtons,4,1,12
discord4j.core.event.domain.interaction.SelectMenuInteractionEvent,6,2,8
discord4j.core.spec.InteractionApplicationCommandCallbackEditMonoGenerator,6,3,7
discord4j.core.event.domain.message.ReactionAddEvent,17,16,70
discord4j.core.object.component.Button$Style,1,9,26
discord4j.core.event.EventDispatcher$Builder,7,5,7
discord4j.core.spec.AutoModRuleEditMonoGenerator,6,3,7
com.iwebpp.crypto.TweetNaclFast,5,157,2336
