file,class,type,cbo,cboModified,fanin,fanout,wmc,dit,noc,rfc,lcom,lcom*,tcc,lcc,totalMethodsQty,staticMethodsQty,publicMethodsQty,privateMethodsQty,protectedMethodsQty,defaultMethodsQty,visibleMethodsQty,abstractMethodsQty,finalMethodsQty,synchronizedMethodsQty,totalFieldsQty,staticFieldsQty,publicFieldsQty,privateFieldsQty,protectedFieldsQty,defaultFieldsQty,finalFieldsQty,synchronizedFieldsQty,nosi,loc,returnQty,loopQty,comparisonsQty,tryCatchQty,parenthesizedExpsQty,stringLiteralsQty,numbersQty,assignmentsQty,mathOperationsQty,variablesQty,maxNestedBlocksQty,anonymousClassesQty,innerClassesQty,lambdasQty,uniqueWordsQty,modifiers,logStatementsQty
E:\OOD_Assignment\simple-binary-encoding\sbe-tool\src\main\java\uk\co\real_logic\sbe\ir\Encoding.java,uk.co.real_logic.sbe.ir.Encoding$Builder,innerclass,5,5,0,5,12,1,0,0,44,0.8333334,0.16666667,1.0,12,0,12,0,0,0,12,0,0,0,11,0,0,11,0,0,0,0,0,60,12,0,0,0,0,0,0,22,0,11,0,0,0,0,44,9,0
E:\OOD_Assignment\simple-binary-encoding\sbe-tool\src\test\java\uk\co\real_logic\sbe\generation\java\DtoTest.java,uk.co.real_logic.sbe.generation.java.DtoTest,class,7,8,1,7,4,1,0,43,3,0.0,0.0,0.0,3,1,0,1,0,2,2,0,0,0,0,0,0,0,0,0,0,0,2,61,1,1,0,0,0,8,38,19,0,18,1,0,0,0,36,1,0
E:\OOD_Assignment\simple-binary-encoding\sbe-tool\src\main\java\uk\co\real_logic\sbe\PrimitiveValue.java,uk.co.real_logic.sbe.PrimitiveValue,class,4,34,30,4,54,1,0,17,0,0.9229693,0.7205882,1.0,17,3,17,0,0,0,17,0,0,0,42,35,35,7,0,0,42,0,19,222,30,0,15,1,2,18,50,67,14,46,3,0,1,0,135,1,0
E:\OOD_Assignment\simple-binary-encoding\sbe-tool\src\test\java\uk\co\real_logic\sbe\generation\cpp\CppGeneratorTest.java,uk.co.real_logic.sbe.generation.cpp.CppGeneratorTest,class,10,10,0,10,2,1,0,14,1,0.0,0.0,0.0,2,0,0,0,0,2,2,0,0,0,0,0,0,0,0,0,0,0,6,31,0,0,0,2,0,7,0,16,0,16,1,0,0,0,60,0,0
E:\OOD_Assignment\simple-binary-encoding\sbe-tool\src\test\java\uk\co\real_logic\sbe\ir\EncodedIrTest.java,uk.co.real_logic.sbe.ir.EncodedIrTest,class,12,13,1,12,13,1,0,47,0,0.14285715,1.0,1.0,7,0,0,1,0,6,6,0,0,0,1,1,0,1,0,0,1,0,19,141,0,5,1,16,0,7,8,57,2,57,4,0,0,0,54,0,0
E:\OOD_Assignment\simple-binary-encoding\sbe-tool\src\main\java\uk\co\real_logic\sbe\ir\generated\SignalCodec.java,uk.co.real_logic.sbe.ir.generated.SignalCodec,enum,1,5,4,1,21,1,0,0,0,0.0,1.0,1.0,3,1,2,0,0,1,3,0,0,0,1,0,0,1,0,0,1,0,0,67,19,0,0,0,0,2,36,1,1,1,1,0,0,0,56,1,0
E:\OOD_Assignment\simple-binary-encoding\sbe-tool\src\test\java\uk\co\real_logic\sbe\ir\ValueRefsTest.java,uk.co.real_logic.sbe.ir.ValueRefsTest,class,7,7,0,7,1,1,0,8,0,0.0,NaN,NaN,1,0,0,0,0,1,1,0,0,0,0,0,0,0,0,0,0,0,2,14,0,0,0,1,0,1,15,4,0,4,1,0,0,0,26,0,0
E:\OOD_Assignment\simple-binary-encoding\sbe-tool\src\test\java\uk\co\real_logic\sbe\FieldAccessOrderCheckTest.java,uk.co.real_logic.sbe.FieldAccessOrderCheckTest,class,99,100,1,99,194,1,0,78,0,0.39210525,0.84050757,0.9780827,190,1,0,8,0,182,182,0,0,0,6,2,0,6,0,0,6,0,1,2119,5,2,0,0,0,295,1091,592,13,592,2,0,0,41,250,1,0
E:\OOD_Assignment\simple-binary-encoding\sbe-tool\src\test\java\uk\co\real_logic\sbe\xml\CyclicReferencesTest.java,uk.co.real_logic.sbe.xml.CyclicReferencesTest,class,5,5,0,5,2,1,0,9,0,0.0,NaN,NaN,1,0,0,0,0,1,1,0,0,0,0,0,0,0,0,0,0,0,3,13,1,0,0,1,0,3,0,2,0,2,1,0,0,0,26,0,0
E:\OOD_Assignment\simple-binary-encoding\sbe-benchmarks\src\main\java\uk\co\real_logic\sbe\CarBenchmark.java,uk.co.real_logic.sbe.CarBenchmark$MyState,innerclass,8,8,0,8,1,1,0,2,0,NaN,NaN,NaN,0,0,0,0,0,0,1,0,0,0,8,0,0,0,0,8,8,0,3,13,0,0,0,0,0,0,4,8,0,8,0,0,0,0,16,9,0
E:\OOD_Assignment\simple-binary-encoding\sbe-tool\src\main\java\uk\co\real_logic\sbe\ir\generated\PresenceCodec.java,uk.co.real_logic.sbe.ir.generated.PresenceCodec,enum,1,5,4,1,7,1,0,0,0,0.0,1.0,1.0,3,1,2,0,0,1,3,0,0,0,1,0,0,1,0,0,1,0,0,25,5,0,0,0,0,2,8,1,1,1,1,0,0,0,49,1,0
E:\OOD_Assignment\simple-binary-encoding\sbe-tool\src\main\java\uk\co\real_logic\sbe\xml\Type.java,uk.co.real_logic.sbe.xml.Type,class,3,23,20,3,17,1,4,6,52,0.7569444,0.28333333,0.7583333,16,0,16,0,0,0,16,2,0,0,9,0,0,9,0,0,7,0,12,76,9,0,1,0,0,11,1,21,0,9,1,0,0,0,90,1025,0
E:\OOD_Assignment\simple-binary-encoding\sbe-tool\src\main\java\uk\co\real_logic\sbe\ir\generated\VarDataEncodingDecoder.java,uk.co.real_logic.sbe.ir.generated.VarDataEncodingDecoder,class,2,4,2,2,24,1,0,7,186,0.9183674,0.057142857,0.071428575,21,12,21,0,0,0,21,0,0,0,7,5,5,2,0,0,5,0,0,87,23,0,3,0,1,4,17,7,1,7,1,0,0,0,52,17,0
E:\OOD_Assignment\simple-binary-encoding\sbe-tool\src\main\java\uk\co\real_logic\sbe\generation\csharp\CSharpGenerator.java,uk.co.real_logic.sbe.generation.csharp.CSharpGenerator,class,22,27,5,22,160,1,0,181,531,0.856025,1.0,1.0,71,14,5,66,0,0,5,0,0,0,9,5,0,9,0,0,9,0,328,978,66,14,41,5,0,924,55,206,190,197,4,0,0,8,375,1,0
E:\OOD_Assignment\simple-binary-encoding\sbe-tool\src\test\java\uk\co\real_logic\sbe\generation\java\PackageOutputManagerTest.java,uk.co.real_logic.sbe.generation.java.PackageOutputManagerTest,class,2,2,0,2,2,1,0,10,0,0.0,NaN,NaN,1,0,0,0,0,1,1,0,0,0,1,0,0,1,0,0,1,0,4,16,0,0,0,0,0,5,0,9,3,9,0,0,0,0,27,0,0
E:\OOD_Assignment\simple-binary-encoding\sbe-tool\src\main\java\uk\co\real_logic\sbe\otf\OtfMessageDecoder.java,uk.co.real_logic.sbe.otf.OtfMessageDecoder,class,6,10,4,6,29,1,0,29,28,0.0,NaN,NaN,8,8,1,7,0,0,1,0,0,0,0,0,0,0,0,0,0,0,16,127,7,5,3,0,2,1,22,40,29,29,2,0,0,0,128,1,0
E:\OOD_Assignment\simple-binary-encoding\sbe-tool\src\main\java\uk\co\real_logic\sbe\ir\generated\FrameCodecDecoder.java,uk.co.real_logic.sbe.ir.generated.FrameCodecDecoder,class,7,10,3,7,138,1,0,48,2839,0.87555546,0.12808642,0.24074075,90,39,78,9,0,3,81,0,0,0,15,8,6,7,0,2,9,0,28,594,87,0,18,0,18,70,77,82,57,81,1,0,1,0,117,17,0
E:\OOD_Assignment\simple-binary-encoding\sbe-tool\src\main\java\uk\co\real_logic\sbe\xml\SetType.java,uk.co.real_logic.sbe.xml.SetType,class,7,14,7,7,19,2,0,20,10,0.6944445,0.3611111,0.5833333,9,0,8,0,0,1,9,0,0,0,4,1,1,3,0,0,4,0,9,107,7,1,5,0,0,19,2,15,6,12,2,0,1,0,114,1,0
E:\OOD_Assignment\simple-binary-encoding\sbe-tool\src\test\java\uk\co\real_logic\sbe\xml\BasicSchemaFileTest.java,uk.co.real_logic.sbe.xml.BasicSchemaFileTest,class,6,6,0,6,5,1,0,8,10,0.0,0.0,0.0,5,0,0,0,0,5,5,0,0,0,0,0,0,0,0,0,0,0,10,33,0,0,0,5,0,10,6,7,0,7,1,0,0,0,32,0,0
E:\OOD_Assignment\simple-binary-encoding\sbe-tool\src\main\java\uk\co\real_logic\sbe\generation\csharp\CSharpUtil.java,uk.co.real_logic.sbe.generation.csharp.CSharpUtil$Separators,enum,0,0,0,0,3,1,0,3,0,0.0,1.0,1.0,3,0,1,0,0,2,3,0,0,0,1,0,0,1,0,0,1,0,1,11,1,0,0,0,0,2,0,1,0,1,0,0,0,0,37,0,0
E:\OOD_Assignment\simple-binary-encoding\sbe-tool\src\main\java\uk\co\real_logic\sbe\generation\common\FieldPrecedenceModel.java,uk.co.real_logic.sbe.generation.common.FieldPrecedenceModel$CodecInteraction$DetermineGroupHasElements,innerclass,2,2,0,2,6,2,0,2,0,0.25,0.33333334,0.33333334,4,0,1,1,0,2,3,0,0,0,2,0,0,2,0,0,2,0,0,19,3,0,2,0,0,2,0,2,2,2,0,0,0,0,26,26,0
E:\OOD_Assignment\simple-binary-encoding\sbe-tool\src\main\java\uk\co\real_logic\sbe\generation\rust\RustGenerator.java,uk.co.real_logic.sbe.generation.rust.RustGenerator$CodecType,enum,0,0,0,0,1,1,0,0,0,0.0,NaN,NaN,1,0,0,0,0,1,1,1,0,0,0,0,0,0,0,0,0,0,0,12,0,0,0,0,0,0,0,0,0,0,0,2,0,0,6,0,0
E:\OOD_Assignment\simple-binary-encoding\sbe-tool\src\main\java\uk\co\real_logic\sbe\generation\golang\GolangOutputManager.java,uk.co.real_logic.sbe.generation.golang.GolangOutputManager,class,1,2,1,1,5,1,0,7,0,0.0,1.0,1.0,2,0,2,0,0,0,2,0,0,0,1,0,0,1,0,0,1,0,1,17,1,0,0,0,0,5,0,4,5,4,1,0,0,0,65,1,0
E:\OOD_Assignment\simple-binary-encoding\sbe-tool\src\main\java\uk\co\real_logic\sbe\generation\common\FieldPrecedenceModel.java,uk.co.real_logic.sbe.generation.common.FieldPrecedenceModel$TransitionGroup,innerclass,3,3,0,3,7,1,0,5,0,0.44444445,0.5,0.6,6,0,5,1,0,0,5,0,0,0,3,0,0,3,0,0,3,0,0,25,4,0,1,0,0,4,1,3,2,3,0,0,0,0,43,25,0
E:\OOD_Assignment\simple-binary-encoding\sbe-tool\src\main\java\uk\co\real_logic\sbe\generation\common\FieldPrecedenceModel.java,uk.co.real_logic.sbe.generation.common.FieldPrecedenceModel$CodecInteraction,innerclass,2,2,0,2,5,9,0,1,6,0.0,0.0,0.0,4,0,2,0,0,2,4,3,1,0,0,0,0,0,0,0,0,0,0,205,2,0,0,0,0,0,0,1,0,1,1,0,9,0,37,1033,0
E:\OOD_Assignment\simple-binary-encoding\sbe-tool\src\main\java\uk\co\real_logic\sbe\generation\common\PrecedenceChecks.java,uk.co.real_logic.sbe.generation.common.PrecedenceChecks$Context,innerclass,1,1,0,1,7,1,0,1,7,0.61904764,0.33333334,0.52380955,7,0,7,0,0,0,7,0,0,0,3,0,0,3,0,0,0,0,2,30,6,0,0,0,0,4,0,5,0,3,0,0,0,0,42,25,0
E:\OOD_Assignment\simple-binary-encoding\sbe-tool\src\main\java\uk\co\real_logic\sbe\otf\Types.java,uk.co.real_logic.sbe.otf.Types,class,4,8,4,4,66,1,0,19,10,0.0,0.0,0.0,5,5,5,0,0,0,5,0,0,0,0,0,0,0,0,0,0,0,4,201,15,0,8,0,4,15,12,5,3,5,2,0,0,0,67,1,0
E:\OOD_Assignment\simple-binary-encoding\sbe-tool\src\main\java\uk\co\real_logic\sbe\generation\common\PrecedenceChecks.java,uk.co.real_logic.sbe.generation.common.PrecedenceChecks,class,5,12,7,5,9,1,0,16,9,0.64285713,0.1,0.1,7,1,5,2,0,0,5,0,0,0,2,1,0,2,0,0,2,0,8,72,8,0,0,0,0,0,4,11,1,10,1,0,1,1,82,17,0
E:\OOD_Assignment\simple-binary-encoding\sbe-tool\src\main\java\uk\co\real_logic\sbe\ir\generated\PrimitiveTypeCodec.java,uk.co.real_logic.sbe.ir.generated.PrimitiveTypeCodec,enum,1,5,4,1,16,1,0,0,0,0.0,1.0,1.0,3,1,2,0,0,1,3,0,0,0,1,0,0,1,0,0,1,0,0,52,14,0,0,0,0,2,26,1,1,1,1,0,0,0,59,1,0
E:\OOD_Assignment\simple-binary-encoding\sbe-tool\src\main\java\uk\co\real_logic\sbe\ir\IrUtil.java,uk.co.real_logic.sbe.ir.IrUtil,class,11,13,2,11,107,1,0,20,55,0.90909094,0.0,0.0,11,11,0,0,0,11,11,0,0,0,1,1,0,0,0,1,1,0,0,276,99,0,8,0,1,2,58,2,0,2,2,0,0,0,44,0,0
E:\OOD_Assignment\simple-binary-encoding\sbe-tool\src\test\java\uk\co\real_logic\sbe\ir\BasicXmlIrGenerationTest.java,uk.co.real_logic.sbe.ir.BasicXmlIrGenerationTest,class,9,9,0,9,6,1,0,18,15,0.0,0.0,0.0,6,0,0,0,0,6,6,0,0,0,0,0,0,0,0,0,0,0,12,193,0,0,0,6,0,33,174,40,0,40,1,0,0,0,51,0,0
E:\OOD_Assignment\simple-binary-encoding\sbe-tool\src\main\java\uk\co\real_logic\sbe\generation\cpp\CppDtoGenerator.java,uk.co.real_logic.sbe.generation.cpp.CppDtoGenerator$ClassBuilder,innerclass,0,0,0,0,6,1,0,2,2,0.6,0.5,1.0,5,0,4,1,0,0,4,0,0,0,5,0,0,5,0,0,5,0,0,28,3,0,0,1,0,9,0,5,0,5,1,0,0,0,21,26,0
E:\OOD_Assignment\simple-binary-encoding\sbe-tool\src\main\java\uk\co\real_logic\sbe\ir\generated\TokenCodecDecoder.java,uk.co.real_logic.sbe.ir.generated.TokenCodecDecoder$CodecStates,innerclass,0,0,0,0,2,1,0,0,1,0.93333334,-1.0,-1.0,2,2,0,2,0,0,0,0,0,0,15,15,0,15,0,0,15,0,0,23,2,0,0,0,0,26,13,15,0,15,0,0,0,0,95,10,0
E:\OOD_Assignment\simple-binary-encoding\sbe-tool\src\main\java\uk\co\real_logic\sbe\ir\generated\TokenCodecDecoder.java,uk.co.real_logic.sbe.ir.generated.TokenCodecDecoder,class,11,14,3,11,409,1,0,100,23194,0.8783854,0.14405136,0.21163607,256,123,221,24,0,11,232,0,0,0,15,8,6,7,0,2,9,0,94,1733,245,0,48,0,82,215,261,242,194,241,1,0,1,0,142,17,0
E:\OOD_Assignment\simple-binary-encoding\sbe-tool\src\main\java\uk\co\real_logic\sbe\generation\TargetCodeGenerator.java,uk.co.real_logic.sbe.generation.TargetCodeGenerator,interface,2,9,7,2,1,1,0,0,0,0.0,NaN,NaN,1,0,0,0,0,1,1,0,0,0,0,0,0,0,0,0,0,0,0,3,0,0,0,0,0,0,0,0,0,0,0,0,0,0,28,1,0
E:\OOD_Assignment\simple-binary-encoding\sbe-tool\src\main\java\uk\co\real_logic\sbe\ir\generated\MessageHeaderDecoder.java,uk.co.real_logic.sbe.ir.generated.MessageHeaderDecoder,class,2,8,6,2,39,1,0,10,564,0.9166667,0.052380953,0.057142857,36,24,36,0,0,0,36,0,0,0,7,5,5,2,0,0,5,0,0,140,38,0,3,0,4,7,35,7,4,7,1,0,0,0,57,17,0
E:\OOD_Assignment\simple-binary-encoding\sbe-tool\src\main\java\uk\co\real_logic\sbe\xml\EncodedDataType.java,uk.co.real_logic.sbe.xml.EncodedDataType,class,9,20,11,9,45,2,0,30,23,0.7333333,0.40833333,0.875,18,0,16,2,0,0,16,0,0,0,10,1,1,9,0,0,9,0,29,186,18,0,24,1,0,36,8,44,11,25,4,0,0,0,125,1,0
E:\OOD_Assignment\simple-binary-encoding\sbe-tool\src\main\java\uk\co\real_logic\sbe\generation\rust\RustGenerator.java,uk.co.real_logic.sbe.generation.rust.RustGenerator$CodecType$Anonymous1,anonymous,0,0,0,0,1,1,0,0,0,0.0,NaN,NaN,1,0,0,0,0,1,1,0,0,0,0,0,0,0,0,0,0,0,0,5,1,0,0,0,0,0,0,0,0,0,0,0,0,0,13,-1,0
E:\OOD_Assignment\simple-binary-encoding\sbe-tool\src\test\java\uk\co\real_logic\sbe\codec\java\TypesTest.java,uk.co.real_logic.sbe.codec.java.TypesTest,class,4,4,0,4,15,1,0,10,0,0.44444445,1.0,1.0,6,0,0,0,0,6,6,0,0,0,3,2,0,3,0,0,3,0,1,83,0,6,6,0,14,3,40,36,12,30,2,0,0,0,44,0,0
E:\OOD_Assignment\simple-binary-encoding\sbe-tool\src\main\java\uk\co\real_logic\sbe\generation\csharp\CSharpDtos.java,uk.co.real_logic.sbe.generation.csharp.CSharpDtos,class,5,5,0,5,1,1,0,1,0,0.0,NaN,NaN,1,0,1,0,0,0,1,0,0,0,0,0,0,0,0,0,0,0,0,5,1,0,0,0,0,0,0,0,0,0,0,0,0,0,16,1,0
E:\OOD_Assignment\simple-binary-encoding\sbe-tool\src\main\java\uk\co\real_logic\sbe\generation\rust\RustGenerator.java,uk.co.real_logic.sbe.generation.rust.RustGenerator$CodecType$Anonymous2,anonymous,0,0,0,0,1,1,0,0,0,0.0,NaN,NaN,1,0,0,0,0,1,1,0,0,0,0,0,0,0,0,0,0,0,0,5,1,0,0,0,0,0,0,0,0,0,0,0,0,0,13,-1,0
E:\OOD_Assignment\simple-binary-encoding\sbe-tool\src\test\java\uk\co\real_logic\sbe\xml\RelativeXIncludeTest.java,uk.co.real_logic.sbe.xml.RelativeXIncludeTest,class,4,4,0,4,1,1,0,14,0,0.0,NaN,NaN,1,0,0,0,0,1,1,0,0,0,0,0,0,0,0,0,0,0,1,11,0,0,0,0,0,2,0,4,0,4,0,0,0,0,30,0,0
E:\OOD_Assignment\simple-binary-encoding\sbe-tool\src\test\java\uk\co\real_logic\sbe\ir\CompositeOffsetsTest.java,uk.co.real_logic.sbe.ir.CompositeOffsetsTest,class,7,7,0,7,1,1,0,9,0,0.0,NaN,NaN,1,0,0,0,0,1,1,0,0,0,0,0,0,0,0,0,0,0,2,24,0,0,0,1,0,1,23,8,7,8,1,0,0,0,33,0,0
E:\OOD_Assignment\simple-binary-encoding\sbe-tool\src\main\java\uk\co\real_logic\sbe\xml\EnumType.java,uk.co.real_logic.sbe.xml.EnumType,class,8,17,9,8,35,2,0,31,15,0.71999997,0.33333334,0.62222224,10,0,8,0,0,2,10,0,0,0,5,1,1,4,0,0,5,0,10,135,9,1,16,0,0,29,3,23,9,19,3,0,1,0,126,1,0
E:\OOD_Assignment\simple-binary-encoding\sbe-tool\src\main\java\uk\co\real_logic\sbe\ir\HeaderStructure.java,uk.co.real_logic.sbe.ir.HeaderStructure,class,4,17,13,4,12,1,0,5,0,0.6984127,0.33333334,1.0,7,0,6,1,0,0,6,0,0,0,9,4,4,5,0,0,5,0,0,53,5,1,0,0,0,9,0,9,0,9,2,0,0,0,66,1,0
E:\OOD_Assignment\simple-binary-encoding\sbe-samples\src\main\java\uk\co\real_logic\sbe\examples\ExampleTokenListener.java,uk.co.real_logic.sbe.examples.ExampleTokenListener,class,9,11,2,9,38,1,0,41,42,0.72058827,0.4848485,1.0,17,3,12,5,0,0,12,0,0,0,4,0,0,4,0,0,3,0,9,157,12,5,8,2,3,7,22,35,14,32,3,0,0,0,94,1,0
E:\OOD_Assignment\simple-binary-encoding\sbe-tool\src\test\java\uk\co\real_logic\sbe\TargetCodeGeneratorTest.java,uk.co.real_logic.sbe.TargetCodeGeneratorTest,class,3,3,0,3,2,1,0,6,1,0.0,0.0,0.0,2,0,0,0,0,2,2,0,0,0,0,0,0,0,0,0,0,0,1,13,0,0,0,0,0,4,0,2,0,2,0,0,0,1,24,0,0
E:\OOD_Assignment\simple-binary-encoding\sbe-samples\src\main\java\uk\co\real_logic\sbe\examples\ExampleUsingGeneratedStub.java,uk.co.real_logic.sbe.examples.ExampleUsingGeneratedStub,class,9,11,2,9,14,1,0,72,3,0.6666667,0.0,0.0,3,3,1,0,0,2,4,0,0,0,6,6,0,6,0,0,6,0,6,113,1,6,3,2,0,42,52,30,1,30,2,0,0,0,100,1,0
E:\OOD_Assignment\simple-binary-encoding\sbe-tool\src\main\java\uk\co\real_logic\sbe\ir\generated\FrameCodecEncoder.java,uk.co.real_logic.sbe.ir.generated.FrameCodecEncoder$CodecStates,innerclass,0,0,0,0,2,1,0,0,1,0.85714287,-1.0,-1.0,2,2,0,2,0,0,0,0,0,0,7,7,0,7,0,0,7,0,0,15,2,0,0,0,0,10,5,7,0,7,0,0,0,0,69,10,0
E:\OOD_Assignment\simple-binary-encoding\sbe-tool\src\test\java\uk\co\real_logic\sbe\ir\CompositeElementsIrTest.java,uk.co.real_logic.sbe.ir.CompositeElementsIrTest,class,8,8,0,8,3,1,0,14,3,0.0,0.0,0.0,3,0,0,0,0,3,3,0,0,0,0,0,0,0,0,0,0,0,6,127,0,0,0,3,0,21,51,37,0,37,1,0,0,0,43,0,0
E:\OOD_Assignment\simple-binary-encoding\sbe-tool\src\main\java\uk\co\real_logic\sbe\generation\java\JavaOutputManager.java,uk.co.real_logic.sbe.generation.java.JavaOutputManager$Anonymous1,anonymous,1,1,0,1,1,1,0,2,0,0.0,NaN,NaN,1,0,1,0,0,0,1,0,0,0,0,0,0,0,0,0,0,0,0,6,0,0,0,0,0,0,0,0,0,0,0,0,0,0,6,-1,0
E:\OOD_Assignment\simple-binary-encoding\sbe-tool\src\main\java\uk\co\real_logic\sbe\generation\common\FieldPrecedenceModel.java,uk.co.real_logic.sbe.generation.common.FieldPrecedenceModel$CodecInteraction$MoveToNextElement,innerclass,2,2,0,2,6,2,0,2,0,0.25,0.33333334,0.33333334,4,0,1,1,0,2,3,0,0,0,2,0,0,2,0,0,2,0,0,19,3,0,2,0,0,2,0,2,2,2,0,0,0,0,31,26,0
E:\OOD_Assignment\simple-binary-encoding\sbe-tool\src\test\java\uk\co\real_logic\sbe\xml\SinceVersionSchemaTransformerTest.java,uk.co.real_logic.sbe.xml.SinceVersionSchemaTransformerTest,class,11,12,1,11,16,1,0,36,10,0.0,NaN,NaN,5,4,0,4,0,1,1,0,0,0,0,0,0,0,0,0,0,0,18,69,2,4,4,1,0,16,4,15,9,14,2,0,0,0,53,1,0
E:\OOD_Assignment\simple-binary-encoding\sbe-tool\src\propertyTest\java\uk\co\real_logic\sbe\properties\utils\InMemoryOutputManager.java,uk.co.real_logic.sbe.properties.utils.InMemoryOutputManager$GeneratedCodeLoader,innerclass,3,3,0,3,2,4,0,4,1,0.0,0.0,0.0,2,0,0,0,0,2,2,0,0,0,0,0,0,0,0,0,0,0,0,12,0,0,0,0,0,0,2,1,0,2,1,0,0,1,17,8,0
E:\OOD_Assignment\simple-binary-encoding\sbe-samples\src\main\java\uk\co\real_logic\sbe\examples\ExampleUsingGeneratedStubExtension.java,uk.co.real_logic.sbe.examples.ExampleUsingGeneratedStubExtension,class,9,10,1,9,15,1,0,73,3,0.6666667,0.0,0.0,3,3,1,0,0,2,4,0,0,0,6,6,0,6,0,0,6,0,6,114,1,7,3,2,0,44,52,33,2,33,2,0,0,0,103,1,0
E:\OOD_Assignment\simple-binary-encoding\sbe-tool\src\main\java\uk\co\real_logic\sbe\xml\MessageSchema.java,uk.co.real_logic.sbe.xml.MessageSchema,class,13,60,47,13,45,1,0,44,83,0.8181819,0.3846154,1.0,22,1,12,8,0,2,14,0,0,0,10,1,1,9,0,0,10,0,12,169,12,8,2,1,1,18,0,24,3,15,2,0,0,0,119,1,2
E:\OOD_Assignment\simple-binary-encoding\sbe-tool\src\main\java\uk\co\real_logic\sbe\generation\csharp\CSharp.java,uk.co.real_logic.sbe.generation.csharp.CSharp,class,7,7,0,7,2,1,0,5,0,0.0,NaN,NaN,1,0,1,0,0,0,1,0,0,0,1,1,0,1,0,0,1,0,2,15,2,0,0,0,0,1,0,3,0,3,2,0,0,1,30,1,0
E:\OOD_Assignment\simple-binary-encoding\sbe-tool\src\main\java\uk\co\real_logic\sbe\generation\cpp\CppUtil.java,uk.co.real_logic.sbe.generation.cpp.CppUtil,class,4,7,3,4,29,1,0,15,21,0.85714287,0.0,0.0,7,7,6,0,0,1,8,0,0,0,1,1,0,1,0,0,1,0,12,97,11,1,3,0,0,40,4,16,11,7,2,0,0,0,99,1,0
E:\OOD_Assignment\simple-binary-encoding\sbe-tool\src\propertyTest\java\uk\co\real_logic\sbe\properties\utils\InMemoryOutputManager.java,uk.co.real_logic.sbe.properties.utils.InMemoryOutputManager,class,5,6,1,5,6,7,0,13,6,0.6666667,0.2,0.2,5,0,5,0,0,0,5,0,0,0,3,0,0,3,0,0,2,0,6,99,2,0,0,0,0,3,0,8,0,10,1,0,4,1,64,1,0
E:\OOD_Assignment\simple-binary-encoding\sbe-tool\src\main\java\uk\co\real_logic\sbe\xml\SetType.java,uk.co.real_logic.sbe.xml.SetType$Choice,innerclass,4,4,0,4,8,1,0,10,0,0.5714286,0.52380955,1.0,7,0,7,0,0,0,7,0,0,0,5,0,0,5,0,0,5,0,8,36,6,0,0,0,1,13,1,5,4,5,1,0,0,0,58,9,0
E:\OOD_Assignment\simple-binary-encoding\sbe-tool\src\propertyTest\java\uk\co\real_logic\sbe\properties\arbitraries\SbeArbitraries.java,uk.co.real_logic.sbe.properties.arbitraries.SbeArbitraries$EncodedMessage,innerclass,2,2,0,2,6,1,0,0,5,0.6666667,0.0,0.0,6,0,5,1,0,0,5,0,0,0,5,0,0,5,0,0,5,0,0,29,5,0,0,0,0,0,0,5,0,5,0,0,0,0,12,25,0
E:\OOD_Assignment\simple-binary-encoding\sbe-tool\src\main\java\uk\co\real_logic\sbe\ir\generated\MetaAttribute.java,uk.co.real_logic.sbe.ir.generated.MetaAttribute,enum,0,4,4,0,0,1,0,0,0,0.0,-1.0,-1.0,0,0,0,0,0,0,0,0,0,0,0,0,0,0,0,0,0,0,0,5,0,0,0,0,0,1,0,0,0,0,0,0,0,0,44,1,0
E:\OOD_Assignment\simple-binary-encoding\sbe-tool\src\main\java\uk\co\real_logic\sbe\xml\SinceVersionSchemaTransformer.java,uk.co.real_logic.sbe.xml.SinceVersionSchemaTransformer,class,6,10,4,6,12,1,0,20,0,0.0,1.0,1.0,4,0,1,1,0,2,3,0,0,0,1,0,0,1,0,0,1,0,0,44,3,3,1,0,0,0,0,12,0,10,2,0,0,0,23,0,0
E:\OOD_Assignment\simple-binary-encoding\sbe-tool\src\propertyTest\java\uk\co\real_logic\sbe\properties\schema\TypeSchemaVisitor.java,uk.co.real_logic.sbe.properties.schema.TypeSchemaVisitor,interface,4,11,7,4,4,1,0,0,6,0.0,0.0,0.0,4,0,0,0,0,4,4,0,0,0,0,0,0,0,0,0,0,0,0,6,0,0,0,0,0,0,0,0,0,0,0,0,0,0,10,1,0
E:\OOD_Assignment\simple-binary-encoding\sbe-benchmarks\src\main\java\uk\co\real_logic\sbe\MarketDataBenchmark.java,uk.co.real_logic.sbe.MarketDataBenchmark,class,9,11,2,9,11,1,0,31,21,0.0,0.0,0.0,7,5,4,3,0,0,4,0,0,0,0,0,0,0,0,0,0,0,8,100,2,4,0,0,0,2,25,24,9,24,1,0,1,0,50,1,0
E:\OOD_Assignment\simple-binary-encoding\sbe-tool\src\propertyTest\java\uk\co\real_logic\sbe\properties\schema\TestXmlSchemaWriter.java,uk.co.real_logic.sbe.properties.schema.TestXmlSchemaWriter,class,15,18,3,15,31,1,0,50,78,0.0,0.0,0.0,13,12,2,11,0,0,2,0,0,0,0,0,0,0,0,0,0,0,30,227,8,9,0,2,1,77,3,31,6,31,2,0,1,0,106,17,0
E:\OOD_Assignment\simple-binary-encoding\sbe-tool\src\main\java\uk\co\real_logic\sbe\generation\java\JavaDtos.java,uk.co.real_logic.sbe.generation.java.JavaDtos,class,5,5,0,5,1,1,0,1,0,0.0,NaN,NaN,1,0,1,0,0,0,1,0,0,0,0,0,0,0,0,0,0,0,0,5,1,0,0,0,0,0,0,0,0,0,0,0,0,0,14,1,0
E:\OOD_Assignment\simple-binary-encoding\sbe-tool\src\main\java\uk\co\real_logic\sbe\xml\Presence.java,uk.co.real_logic.sbe.xml.Presence,enum,1,8,7,1,5,1,0,2,0,0.33333334,0.33333334,0.33333334,3,1,2,0,0,1,3,0,0,0,2,1,0,2,0,0,2,0,1,20,2,1,0,0,0,4,0,2,1,2,2,0,0,0,56,1,0
E:\OOD_Assignment\simple-binary-encoding\sbe-tool\src\main\java\uk\co\real_logic\sbe\json\JsonPrinter.java,uk.co.real_logic.sbe.json.JsonPrinter,class,8,11,3,8,6,1,0,13,4,0.5,0.16666667,0.16666667,5,0,4,1,0,0,4,0,0,0,2,0,0,2,0,0,2,0,1,32,1,0,1,0,0,2,1,10,2,10,1,0,0,0,62,1,0
E:\OOD_Assignment\simple-binary-encoding\sbe-tool\src\propertyTest\java\uk\co\real_logic\sbe\properties\arbitraries\SbeArbitraries.java,uk.co.real_logic.sbe.properties.arbitraries.SbeArbitraries,class,34,38,4,34,99,1,0,128,431,0.9444444,0.0,0.0,30,29,3,27,0,0,3,0,0,0,3,3,1,2,0,0,3,0,50,563,51,10,13,1,6,93,84,104,49,239,4,0,4,57,208,17,0
E:\OOD_Assignment\simple-binary-encoding\sbe-tool\src\propertyTest\java\uk\co\real_logic\sbe\properties\schema\VarDataSchema.java,uk.co.real_logic.sbe.properties.schema.VarDataSchema$Encoding,enum,0,0,0,0,0,1,0,0,0,0.0,-1.0,-1.0,0,0,0,0,0,0,0,0,0,0,0,0,0,0,0,0,0,0,0,1,0,0,0,0,0,0,0,0,0,0,0,0,0,0,7,1,0
E:\OOD_Assignment\simple-binary-encoding\sbe-tool\src\main\java\uk\co\real_logic\sbe\generation\c\COutputManager.java,uk.co.real_logic.sbe.generation.c.COutputManager,class,1,2,1,1,5,1,0,7,0,0.0,1.0,1.0,2,0,2,0,0,0,2,0,0,0,1,0,0,1,0,0,1,0,1,17,1,0,0,0,0,5,0,4,5,4,1,0,0,0,65,1,0
E:\OOD_Assignment\simple-binary-encoding\sbe-tool\src\main\java\uk\co\real_logic\sbe\generation\java\JavaDtoGenerator.java,uk.co.real_logic.sbe.generation.java.JavaDtoGenerator$ClassBuilder,innerclass,0,0,0,0,7,1,0,3,2,0.59999996,0.5,1.0,5,0,4,1,0,0,4,0,0,0,6,0,0,6,0,0,6,0,0,30,3,0,1,1,0,5,1,6,1,6,1,0,0,0,22,26,0
E:\OOD_Assignment\simple-binary-encoding\sbe-tool\src\test\java\uk\co\real_logic\sbe\generation\java\CharacterEncodingTest.java,uk.co.real_logic.sbe.generation.java.CharacterEncodingTest,class,12,13,1,12,11,1,0,30,3,0.6666667,0.0,0.0,3,1,0,2,0,1,2,0,0,0,1,1,0,1,0,0,1,0,6,81,0,6,0,0,1,95,5,21,6,20,2,0,0,0,103,0,0
E:\OOD_Assignment\simple-binary-encoding\sbe-tool\src\test\java\uk\co\real_logic\sbe\generation\java\GenerateIlinkBinaryTest.java,uk.co.real_logic.sbe.generation.java.GenerateIlinkBinaryTest,class,14,14,0,14,2,1,0,29,1,0.7,0.0,0.0,2,0,0,0,0,2,2,0,0,0,5,4,0,5,0,0,5,0,9,58,0,0,0,4,0,8,2,27,3,27,2,0,0,0,62,0,0
E:\OOD_Assignment\simple-binary-encoding\sbe-tool\src\main\java\uk\co\real_logic\sbe\codec\java\MethodSelector.java,uk.co.real_logic.sbe.codec.java.MethodSelector,class,2,3,1,2,20,1,0,21,2,0.5,0.0,0.0,5,1,3,2,0,0,3,0,0,0,2,0,0,2,0,0,2,0,5,63,6,4,6,0,0,8,2,10,0,10,5,0,0,0,48,1,0
E:\OOD_Assignment\simple-binary-encoding\sbe-tool\src\test\java\uk\co\real_logic\sbe\generation\java\SinceVersionTransformedSchemaJavaGenerationTest.java,uk.co.real_logic.sbe.generation.java.SinceVersionTransformedSchemaJavaGenerationTest,class,12,13,1,12,3,1,0,15,3,0.0,NaN,NaN,3,1,0,2,0,1,1,0,0,0,0,0,0,0,0,0,0,0,3,25,2,0,0,1,0,8,0,10,3,12,1,0,0,2,47,1,0
E:\OOD_Assignment\simple-binary-encoding\sbe-tool\src\main\java\uk\co\real_logic\sbe\generation\c\CUtil.java,uk.co.real_logic.sbe.generation.c.CUtil,class,4,6,2,4,11,1,0,9,10,0.8,0.0,0.0,5,5,5,0,0,0,6,0,0,0,1,1,0,1,0,0,1,0,6,48,8,0,1,0,0,22,3,4,5,3,2,0,0,0,80,1,0
E:\OOD_Assignment\simple-binary-encoding\sbe-tool\src\main\java\uk\co\real_logic\sbe\generation\c\CGenerator.java,uk.co.real_logic.sbe.generation.c.CGenerator,class,13,15,2,13,131,1,0,131,1177,0.89,0.6,0.6,50,15,3,45,0,2,5,0,0,0,2,0,0,2,0,0,2,0,197,589,51,12,28,4,0,1189,42,155,100,140,2,0,0,2,301,1,0
E:\OOD_Assignment\simple-binary-encoding\sbe-tool\src\main\java\uk\co\real_logic\sbe\xml\EnumType.java,uk.co.real_logic.sbe.xml.EnumType$ValidValue,innerclass,4,4,0,4,7,1,0,8,0,0.5714286,0.52380955,1.0,7,0,7,0,0,0,7,0,0,0,5,0,0,5,0,0,5,0,8,33,6,0,0,0,0,12,0,5,2,5,0,0,0,0,47,9,0
E:\OOD_Assignment\simple-binary-encoding\sbe-tool\src\main\java\uk\co\real_logic\sbe\generation\rust\RustUtil.java,uk.co.real_logic.sbe.generation.rust.RustUtil$ReservedKeyword,enum,1,1,0,1,3,1,0,5,0,0.0,0.0,0.0,1,1,0,0,0,1,2,0,0,0,1,1,0,1,0,0,1,0,1,10,1,1,0,0,0,0,0,1,0,1,1,0,0,0,19,0,0
E:\OOD_Assignment\simple-binary-encoding\sbe-tool\src\main\java\uk\co\real_logic\sbe\xml\SchemaTransformer.java,uk.co.real_logic.sbe.xml.SchemaTransformer,interface,2,9,7,2,1,1,0,0,0,1.0,NaN,NaN,1,0,0,0,0,1,1,0,0,0,1,0,0,0,0,1,0,0,0,4,0,0,0,0,0,0,0,1,0,2,0,0,0,1,39,1,0
E:\OOD_Assignment\simple-binary-encoding\sbe-tool\src\propertyTest\java\uk\co\real_logic\sbe\properties\schema\MessageSchema.java,uk.co.real_logic.sbe.properties.schema.MessageSchema,class,4,8,4,4,8,1,0,20,12,0.65625,0.1904762,0.47619048,8,1,7,1,0,0,7,0,0,0,4,0,0,4,0,0,4,0,8,36,7,0,0,0,0,0,5,7,0,8,0,0,0,1,19,17,0
E:\OOD_Assignment\simple-binary-encoding\sbe-tool\src\test\java\uk\co\real_logic\sbe\xml\EmbeddedLengthAndCountFileTest.java,uk.co.real_logic.sbe.xml.EmbeddedLengthAndCountFileTest,class,6,6,0,6,2,1,0,12,1,0.0,0.0,0.0,2,0,0,0,0,2,2,0,0,0,0,0,0,0,0,0,0,0,4,18,0,0,0,2,0,3,6,5,0,5,1,0,0,0,29,0,0
E:\OOD_Assignment\simple-binary-encoding\sbe-tool\src\test\java\uk\co\real_logic\sbe\generation\java\EnumTest.java,uk.co.real_logic.sbe.generation.java.EnumTest,class,13,14,1,13,4,1,0,21,0,0.6111111,1.0,1.0,3,0,0,1,0,2,2,0,0,0,6,4,0,6,0,0,4,0,6,43,1,0,0,3,0,10,0,13,0,13,2,0,0,0,66,0,0
E:\OOD_Assignment\simple-binary-encoding\sbe-tool\src\main\java\uk\co\real_logic\sbe\ValidationUtil.java,uk.co.real_logic.sbe.ValidationUtil,class,1,8,7,1,69,1,0,30,245,0.92753625,0.0,0.0,23,23,11,12,0,0,11,0,0,0,6,6,0,6,0,0,6,0,35,184,41,6,13,0,0,331,11,21,0,21,3,0,0,0,148,1,0
E:\OOD_Assignment\simple-binary-encoding\sbe-tool\src\main\java\uk\co\real_logic\sbe\ir\generated\MessageHeaderEncoder.java,uk.co.real_logic.sbe.ir.generated.MessageHeaderEncoder,class,3,6,3,3,35,1,0,5,428,0.90178573,0.06854839,0.07258064,32,20,32,0,0,0,32,0,0,0,7,5,5,2,0,0,5,0,0,121,34,0,3,0,0,3,27,8,4,8,1,0,0,0,58,17,0
E:\OOD_Assignment\simple-binary-encoding\sbe-tool\src\main\java\uk\co\real_logic\sbe\generation\java\JavaUtil.java,uk.co.real_logic.sbe.generation.java.JavaUtil$Separator,enum,0,0,0,0,3,1,0,3,0,0.0,1.0,1.0,3,0,1,0,0,2,3,0,0,0,1,0,0,1,0,0,1,0,1,11,1,0,0,0,0,2,0,1,0,1,0,0,0,0,34,0,0
E:\OOD_Assignment\simple-binary-encoding\sbe-tool\src\propertyTest\java\uk\co\real_logic\sbe\properties\schema\TestXmlSchemaWriter.java,uk.co.real_logic.sbe.properties.schema.TestXmlSchemaWriter$TypeSchemaConverter,innerclass,13,13,0,13,13,1,0,35,0,0.325,0.93333334,1.0,8,0,6,2,0,0,6,0,0,0,5,0,0,5,0,0,4,0,11,60,4,1,0,0,0,14,3,16,2,13,2,0,0,1,43,26,0
E:\OOD_Assignment\simple-binary-encoding\sbe-tool\src\test\java\uk\co\real_logic\sbe\generation\java\GenerateFixBinaryTest.java,uk.co.real_logic.sbe.generation.java.GenerateFixBinaryTest,class,14,14,0,14,2,1,0,29,1,0.7,0.0,0.0,2,0,0,0,0,2,2,0,0,0,5,4,0,5,0,0,5,0,9,58,0,0,0,4,0,8,2,27,3,27,2,0,0,0,62,0,0
E:\OOD_Assignment\simple-binary-encoding\sbe-tool\src\main\java\uk\co\real_logic\sbe\generation\rust\RustGenerator.java,uk.co.real_logic.sbe.generation.rust.RustGenerator,class,18,22,4,18,139,1,0,111,716,0.9208333,0.07017544,0.07017544,40,36,2,21,0,17,19,0,0,0,6,3,0,3,0,3,6,0,532,938,7,16,33,7,1,422,324,174,136,160,3,0,2,2,230,1,0
E:\OOD_Assignment\simple-binary-encoding\sbe-tool\src\test\java\uk\co\real_logic\sbe\xml\SetTypeTest.java,uk.co.real_logic.sbe.xml.SetTypeTest,class,17,18,1,17,14,1,0,38,28,0.0,0.0,0.0,8,1,0,1,0,7,7,0,0,0,0,0,0,0,0,0,0,0,9,85,1,2,0,1,0,56,17,30,6,27,2,0,0,4,76,0,0
E:\OOD_Assignment\simple-binary-encoding\sbe-tool\src\test\java\uk\co\real_logic\sbe\xml\GroupWithDataTest.java,uk.co.real_logic.sbe.xml.GroupWithDataTest,class,8,8,0,8,1,1,0,13,0,0.0,NaN,NaN,1,0,0,0,0,1,1,0,0,0,0,0,0,0,0,0,0,0,2,16,0,0,0,1,0,4,3,7,0,7,1,0,0,0,28,0,0
E:\OOD_Assignment\simple-binary-encoding\sbe-tool\src\main\java\uk\co\real_logic\sbe\generation\common\FieldPrecedenceModel.java,uk.co.real_logic.sbe.generation.common.FieldPrecedenceModel$CodecInteraction$AccessVarDataLength,innerclass,2,2,0,2,6,2,0,2,0,0.25,0.33333334,0.33333334,4,0,1,1,0,2,3,0,0,0,2,0,0,2,0,0,2,0,0,19,3,0,2,0,0,2,0,2,2,2,0,0,0,0,28,26,0
E:\OOD_Assignment\simple-binary-encoding\sbe-tool\src\main\java\uk\co\real_logic\sbe\generation\golang\GolangGenerator.java,uk.co.real_logic.sbe.generation.golang.GolangGenerator,class,13,16,3,13,246,1,0,141,1306,0.80701756,1.0,1.0,57,2,5,52,0,0,5,0,0,0,3,0,0,3,0,0,3,0,187,1029,49,21,34,7,11,517,130,229,164,172,5,0,0,0,256,1,0
E:\OOD_Assignment\simple-binary-encoding\sbe-tool\src\main\java\uk\co\real_logic\sbe\generation\common\FieldPrecedenceModel.java,uk.co.real_logic.sbe.generation.common.FieldPrecedenceModel$SchemaConsumer,interface,1,1,0,1,3,1,0,0,3,0.0,0.0,0.0,3,0,0,0,0,3,3,0,0,0,0,0,0,0,0,0,0,0,0,5,0,0,0,0,0,0,0,0,0,0,0,0,0,0,13,2,0
E:\OOD_Assignment\simple-binary-encoding\sbe-tool\src\main\java\uk\co\real_logic\sbe\generation\cpp\CppDtos.java,uk.co.real_logic.sbe.generation.cpp.CppDtos,class,5,5,0,5,1,1,0,1,0,0.0,NaN,NaN,1,0,1,0,0,0,1,0,0,0,0,0,0,0,0,0,0,0,0,5,1,0,0,0,0,0,0,0,0,0,0,0,0,0,16,1,0
E:\OOD_Assignment\simple-binary-encoding\sbe-tool\src\main\java\uk\co\real_logic\sbe\xml\ParserOptions.java,uk.co.real_logic.sbe.xml.ParserOptions$Builder,innerclass,2,2,0,2,12,1,0,0,34,0.76388884,0.24242425,1.0,12,0,12,0,0,0,12,0,0,0,6,0,0,6,0,0,0,0,0,50,12,0,0,0,0,0,0,6,0,6,0,0,0,0,53,9,0
E:\OOD_Assignment\simple-binary-encoding\sbe-tool\src\propertyTest\java\uk\co\real_logic\sbe\properties\utils\InMemoryOutputManager.java,uk.co.real_logic.sbe.properties.utils.InMemoryOutputManager$InMemoryFileManager,innerclass,1,1,0,1,3,2,0,1,1,0.33333334,0.33333334,0.33333334,3,0,2,0,0,1,3,0,0,0,1,0,0,1,0,0,1,0,0,14,2,0,0,0,0,0,0,2,0,2,0,0,0,0,15,8,0
E:\OOD_Assignment\simple-binary-encoding\sbe-tool\src\propertyTest\java\uk\co\real_logic\sbe\properties\ParserPropertyTest.java,uk.co.real_logic.sbe.properties.ParserPropertyTest,class,9,9,0,9,2,1,0,4,1,0.0,0.0,0.0,2,0,0,0,0,2,2,0,0,0,0,0,0,0,0,0,0,0,3,11,1,0,0,1,0,1,0,2,0,2,1,0,0,0,19,0,0
E:\OOD_Assignment\simple-binary-encoding\sbe-tool\src\test\java\uk\co\real_logic\sbe\generation\java\FixedSizeDataGeneratorTest.java,uk.co.real_logic.sbe.generation.java.FixedSizeDataGeneratorTest,class,17,18,1,17,11,1,0,40,39,0.8333333,0.0,0.0,10,2,0,6,0,4,4,0,0,0,6,4,0,6,0,0,5,0,21,103,6,0,1,1,0,36,44,40,1,32,1,0,0,0,82,0,0
E:\OOD_Assignment\simple-binary-encoding\sbe-tool\src\test\java\uk\co\real_logic\sbe\ir\CompositeRefsTest.java,uk.co.real_logic.sbe.ir.CompositeRefsTest,class,6,6,0,6,1,1,0,5,0,0.0,NaN,NaN,1,0,0,0,0,1,1,0,0,0,0,0,0,0,0,0,0,0,2,12,0,0,0,1,0,4,0,4,0,4,1,0,0,0,24,0,0
E:\OOD_Assignment\simple-binary-encoding\sbe-tool\src\propertyTest\java\uk\co\real_logic\sbe\properties\utils\InMemoryOutputManager.java,uk.co.real_logic.sbe.properties.utils.InMemoryOutputManager$InMemoryWriter,innerclass,1,1,0,1,5,3,0,5,0,0.0,1.0,1.0,2,0,1,0,0,1,2,0,0,0,1,0,0,1,0,0,1,0,1,17,0,0,2,0,0,2,0,6,2,5,1,0,0,0,25,0,0
E:\OOD_Assignment\simple-binary-encoding\sbe-tool\src\main\java\uk\co\real_logic\sbe\PrimitiveValue.java,uk.co.real_logic.sbe.PrimitiveValue$Representation,enum,0,0,0,0,0,1,0,0,0,0.0,-1.0,-1.0,0,0,0,0,0,0,0,0,0,0,0,0,0,0,0,0,0,0,0,4,0,0,0,0,0,0,0,0,0,0,0,0,0,0,17,1,0
E:\OOD_Assignment\simple-binary-encoding\sbe-tool\src\main\java\uk\co\real_logic\sbe\xml\XmlSchemaParser.java,uk.co.real_logic.sbe.xml.XmlSchemaParser,class,18,71,53,18,46,1,0,59,147,0.9285714,0.028571429,0.028571429,18,18,14,3,0,1,15,0,0,0,7,7,1,0,0,6,7,0,41,195,16,2,15,0,4,65,12,34,23,38,2,0,1,5,218,1,1
E:\OOD_Assignment\simple-binary-encoding\sbe-tool\src\propertyTest\java\uk\co\real_logic\sbe\properties\DtosPropertyTest.java,uk.co.real_logic.sbe.properties.DtosPropertyTest,class,30,31,1,30,26,1,0,63,43,0.875,0.0,0.0,10,3,1,5,0,4,5,0,0,0,4,3,0,4,0,0,4,0,32,170,2,1,3,11,1,76,17,43,18,45,3,0,0,2,136,1,0
E:\OOD_Assignment\simple-binary-encoding\sbe-tool\src\propertyTest\java\uk\co\real_logic\sbe\properties\schema\CompositeTypeSchema.java,uk.co.real_logic.sbe.properties.schema.CompositeTypeSchema,class,2,4,2,2,3,1,0,1,1,0.33333334,0.33333334,0.33333334,3,0,3,0,0,0,3,0,0,0,1,0,0,1,0,0,1,0,0,12,1,0,0,0,0,0,0,1,0,1,0,0,0,0,7,17,0
E:\OOD_Assignment\simple-binary-encoding\sbe-tool\src\main\java\uk\co\real_logic\sbe\generation\csharp\CSharpDtoGenerator.java,uk.co.real_logic.sbe.generation.csharp.CSharpDtoGenerator,class,11,15,4,11,128,1,0,90,660,0.8666667,1.0,1.0,45,1,2,43,0,0,2,0,0,0,5,3,0,5,0,0,5,0,73,598,13,14,26,2,0,384,35,166,63,151,3,0,0,4,195,1,0
E:\OOD_Assignment\simple-binary-encoding\sbe-tool\src\main\java\uk\co\real_logic\sbe\generation\java\JavaOutputManager.java,uk.co.real_logic.sbe.generation.java.JavaOutputManager,class,5,9,4,5,5,1,0,3,0,0.4375,1.0,1.0,4,0,3,1,0,0,3,0,0,0,4,0,0,4,0,0,3,0,0,30,1,0,1,0,0,0,0,7,0,4,1,1,0,0,28,1,0
E:\OOD_Assignment\simple-binary-encoding\sbe-tool\src\test\java\uk\co\real_logic\sbe\generation\java\SkipAndDecodedLengthTest.java,uk.co.real_logic.sbe.generation.java.SkipAndDecodedLengthTest,class,6,6,0,6,1,2,0,11,0,0.0,NaN,NaN,1,0,0,0,0,1,1,0,0,0,1,1,0,1,0,0,1,0,4,30,0,0,0,0,0,0,3,13,1,13,0,0,0,0,50,0,0
E:\OOD_Assignment\simple-binary-encoding\sbe-tool\src\propertyTest\java\uk\co\real_logic\sbe\properties\schema\VarDataSchema.java,uk.co.real_logic.sbe.properties.schema.VarDataSchema,class,2,7,5,2,4,1,0,0,0,0.5,0.5,1.0,4,0,4,0,0,0,4,0,0,0,3,0,0,3,0,0,3,0,0,20,3,0,0,0,0,0,0,3,0,3,0,0,1,0,16,17,0
E:\OOD_Assignment\simple-binary-encoding\sbe-tool\src\test\java\uk\co\real_logic\sbe\generation\java\ToStringTest.java,uk.co.real_logic.sbe.generation.java.ToStringTest,class,3,3,0,3,2,2,0,5,0,0.0,1.0,1.0,2,0,0,0,0,2,2,0,0,0,1,1,0,1,0,0,1,0,3,15,0,0,0,0,0,23,3,5,3,5,0,0,0,0,69,0,0
E:\OOD_Assignment\simple-binary-encoding\sbe-tool\src\test\java\uk\co\real_logic\sbe\ir\SinceVersionValidationTest.java,uk.co.real_logic.sbe.ir.SinceVersionValidationTest,class,9,9,0,9,3,1,0,14,1,0.0,0.0,0.0,2,0,0,0,0,2,2,0,0,0,0,0,0,0,0,0,0,0,5,22,1,0,0,2,0,5,2,7,0,7,1,0,0,0,43,0,0
E:\OOD_Assignment\simple-binary-encoding\sbe-tool\src\main\java\uk\co\real_logic\sbe\ir\Token.java,uk.co.real_logic.sbe.ir.Token$Builder,innerclass,4,4,0,4,13,1,0,0,54,0.8461539,0.15384616,1.0,13,0,13,0,0,0,13,0,0,0,12,0,0,12,0,0,0,0,0,65,13,0,0,0,0,0,5,19,0,12,0,0,0,0,61,9,0
E:\OOD_Assignment\simple-binary-encoding\sbe-tool\src\test\java\uk\co\real_logic\sbe\generation\java\SchemaExtensionTest.java,uk.co.real_logic.sbe.generation.java.SchemaExtensionTest,class,18,19,1,18,13,1,0,53,54,0.84722227,0.0,0.0,12,4,0,9,0,3,3,0,0,0,6,4,0,6,0,0,5,0,144,339,8,0,1,1,0,193,187,82,2,82,1,0,0,0,97,0,0
E:\OOD_Assignment\simple-binary-encoding\sbe-tool\src\main\java\uk\co\real_logic\sbe\generation\rust\RustUtil.java,uk.co.real_logic.sbe.generation.rust.RustUtil,class,7,14,7,7,63,1,0,35,171,0.94736844,0.0,0.0,19,19,0,4,0,15,16,0,0,0,2,2,0,0,0,2,2,0,27,182,30,3,6,0,2,25,15,25,17,22,3,0,1,0,130,1,0
E:\OOD_Assignment\simple-binary-encoding\sbe-tool\src\test\java\uk\co\real_logic\sbe\generation\csharp\CSharpEnumTest.java,uk.co.real_logic.sbe.generation.csharp.CSharpEnumTest,class,11,12,1,11,4,1,0,20,0,0.0,1.0,1.0,3,0,0,1,0,2,2,0,0,0,2,0,0,2,0,0,0,0,6,39,1,0,0,3,0,8,0,10,0,10,2,0,0,0,53,0,0
E:\OOD_Assignment\simple-binary-encoding\sbe-tool\src\main\java\uk\co\real_logic\sbe\generation\java\JavaDtoGenerator.java,uk.co.real_logic.sbe.generation.java.JavaDtoGenerator,class,12,16,4,12,143,1,0,99,556,0.84230775,1.0,1.0,52,7,2,50,0,0,2,0,0,0,5,3,0,5,0,0,5,0,118,755,15,21,31,3,0,572,42,229,69,211,3,0,1,3,203,1,0
E:\OOD_Assignment\simple-binary-encoding\sbe-tool\src\main\java\uk\co\real_logic\sbe\generation\Generators.java,uk.co.real_logic.sbe.generation.Generators,class,1,19,18,1,10,1,0,13,6,0.0,0.0,0.0,4,4,4,0,0,0,4,0,0,0,0,0,0,0,0,0,0,0,4,36,5,2,1,0,0,1,8,8,4,7,2,0,0,0,61,1,0
E:\OOD_Assignment\simple-binary-encoding\sbe-tool\src\main\java\uk\co\real_logic\sbe\generation\common\FieldPrecedenceModel.java,uk.co.real_logic.sbe.generation.common.FieldPrecedenceModel$CodecInteraction$AccessField,innerclass,2,2,0,2,8,2,0,2,2,0.46666667,0.16666667,0.16666667,5,0,3,1,0,1,4,0,0,0,3,0,0,3,0,0,3,0,0,24,4,0,3,0,0,2,0,3,2,3,0,0,0,0,26,26,0
E:\OOD_Assignment\simple-binary-encoding\sbe-tool\src\main\java\uk\co\real_logic\sbe\ir\GenerationUtil.java,uk.co.real_logic.sbe.ir.GenerationUtil,class,3,15,12,3,20,1,0,10,28,0.0,0.0,0.0,8,8,8,0,0,0,8,0,0,0,0,0,0,0,0,0,0,0,3,62,9,5,6,0,0,0,9,13,5,12,3,0,0,0,76,17,0
E:\OOD_Assignment\simple-binary-encoding\sbe-tool\src\main\java\uk\co\real_logic\sbe\json\JsonTokenListener.java,uk.co.real_logic.sbe.json.JsonTokenListener,class,9,11,2,9,70,1,0,47,129,0.72839504,0.27272728,0.42424244,27,3,12,15,0,0,12,0,0,0,3,0,0,3,0,0,1,0,10,257,8,7,20,2,5,13,32,36,13,34,5,0,0,0,116,1,0
E:\OOD_Assignment\simple-binary-encoding\sbe-tool\src\propertyTest\java\uk\co\real_logic\sbe\properties\arbitraries\SbeArbitraries.java,uk.co.real_logic.sbe.properties.arbitraries.SbeArbitraries$EncodingLogger,innerclass,0,0,0,0,4,1,0,5,0,0.375,0.6666667,1.0,4,0,4,0,0,0,4,0,0,0,2,0,0,2,0,0,2,0,0,19,2,0,0,0,0,3,0,2,0,3,0,0,0,1,14,26,0
E:\OOD_Assignment\simple-binary-encoding\sbe-tool\src\test\java\uk\co\real_logic\sbe\generation\java\ValueRefWithLowerCaseEnumTest.java,uk.co.real_logic.sbe.generation.java.ValueRefWithLowerCaseEnumTest,class,12,12,0,12,1,1,0,15,0,0.5,NaN,NaN,1,0,0,0,0,1,1,0,0,0,4,4,0,4,0,0,4,0,3,21,0,0,0,1,0,5,0,13,1,13,1,0,0,0,60,0,0
E:\OOD_Assignment\simple-binary-encoding\sbe-tool\src\propertyTest\java\uk\co\real_logic\sbe\properties\schema\TypeSchema.java,uk.co.real_logic.sbe.properties.schema.TypeSchema,interface,1,9,8,1,2,1,0,0,1,0.0,0.0,0.0,2,0,0,0,0,2,2,0,0,0,0,0,0,0,0,0,0,0,0,6,1,0,0,0,0,0,0,0,0,0,0,0,0,0,8,1,0
E:\OOD_Assignment\simple-binary-encoding\sbe-tool\src\main\java\uk\co\real_logic\sbe\generation\cpp\CppGenerator.java,uk.co.real_logic.sbe.generation.cpp.CppGenerator,class,22,27,5,22,261,1,0,204,2759,0.90930235,1.0,1.0,86,32,4,82,0,0,4,0,0,0,10,5,0,10,0,0,10,0,239,1213,86,24,75,4,10,1786,107,280,204,268,4,0,0,11,456,1,0
E:\OOD_Assignment\simple-binary-encoding\sbe-tool\src\main\java\uk\co\real_logic\sbe\generation\rust\SubGroup.java,uk.co.real_logic.sbe.generation.rust.SubGroup,class,8,12,4,8,6,1,0,23,0,0.32,0.9,1.0,5,0,1,0,0,4,5,0,0,0,5,0,0,5,0,0,5,0,126,150,1,1,0,0,0,108,66,17,66,17,1,0,0,0,65,0,0
E:\OOD_Assignment\simple-binary-encoding\sbe-tool\src\test\java\uk\co\real_logic\sbe\ir\GroupWithDataIrTest.java,uk.co.real_logic.sbe.ir.GroupWithDataIrTest,class,8,8,0,8,4,1,0,12,6,0.0,0.0,0.0,4,0,0,0,0,4,4,0,0,0,0,0,0,0,0,0,0,0,8,94,0,0,0,4,0,18,32,36,0,36,1,0,0,0,47,0,0
E:\OOD_Assignment\simple-binary-encoding\sbe-tool\src\main\java\uk\co\real_logic\sbe\xml\Field.java,uk.co.real_logic.sbe.xml.Field,class,8,22,14,8,45,1,0,14,165,0.8380568,0.19333333,1.0,26,0,23,1,0,2,25,0,0,0,19,1,1,18,0,0,16,0,10,243,19,0,12,0,3,27,7,30,11,26,4,0,1,0,109,1,0
E:\OOD_Assignment\simple-binary-encoding\sbe-tool\src\test\java\uk\co\real_logic\sbe\Tests.java,uk.co.real_logic.sbe.Tests,class,1,37,36,1,2,1,0,4,0,0.0,NaN,NaN,1,1,1,0,0,0,1,0,0,0,0,0,0,0,0,0,0,0,1,10,1,0,1,0,0,2,0,2,2,2,1,0,0,0,21,1,0
E:\OOD_Assignment\simple-binary-encoding\sbe-tool\src\main\java\uk\co\real_logic\sbe\xml\IdKeyedSchemaTransformer.java,uk.co.real_logic.sbe.xml.IdKeyedSchemaTransformer,class,3,6,3,3,3,1,0,4,1,0.33333334,0.33333334,0.33333334,3,0,1,0,0,2,3,0,0,0,2,0,0,2,0,0,2,0,0,14,2,0,0,0,0,0,0,2,0,2,0,0,0,0,12,0,0
E:\OOD_Assignment\simple-binary-encoding\sbe-tool\src\test\java\uk\co\real_logic\sbe\generation\csharp\Issue567GroupSizeTest.java,uk.co.real_logic.sbe.generation.csharp.Issue567GroupSizeTest,class,11,11,0,11,2,1,0,19,0,0.16666667,1.0,1.0,2,0,0,0,0,2,2,0,0,0,3,2,0,3,0,0,3,0,5,31,0,0,0,2,0,8,0,17,1,17,1,0,0,1,79,0,0
E:\OOD_Assignment\simple-binary-encoding\sbe-tool\src\test\java\uk\co\real_logic\sbe\generation\java\RewindTest.java,uk.co.real_logic.sbe.generation.java.RewindTest,class,6,6,0,6,1,2,0,8,0,0.0,NaN,NaN,1,0,0,0,0,1,1,0,0,0,1,1,0,1,0,0,1,0,7,23,0,0,0,0,0,0,3,9,1,9,0,0,0,0,44,0,0
E:\OOD_Assignment\simple-binary-encoding\sbe-tool\src\propertyTest\java\uk\co\real_logic\sbe\properties\schema\SetSchema.java,uk.co.real_logic.sbe.properties.schema.SetSchema,class,2,5,3,2,4,1,0,1,2,0.5,0.33333334,0.5,4,0,4,0,0,0,4,0,0,0,2,0,0,2,0,0,2,0,0,17,2,0,0,0,0,0,0,2,0,2,0,0,0,0,8,17,0
E:\OOD_Assignment\simple-binary-encoding\sbe-samples\src\main\java\uk\co\real_logic\sbe\examples\OtfExample.java,uk.co.real_logic.sbe.examples.OtfExample,class,15,16,1,15,6,1,0,23,6,0.75,NaN,NaN,4,4,1,3,0,0,1,0,0,0,4,4,0,4,0,0,4,0,10,51,1,0,2,3,0,4,5,25,3,23,2,0,0,0,93,1,0
E:\OOD_Assignment\simple-binary-encoding\sbe-tool\src\main\java\uk\co\real_logic\sbe\generation\common\FieldPrecedenceModel.java,uk.co.real_logic.sbe.generation.common.FieldPrecedenceModel$CodecInteraction$MoveToLastElement,innerclass,2,2,0,2,6,2,0,2,0,0.25,0.33333334,0.33333334,4,0,1,1,0,2,3,0,0,0,2,0,0,2,0,0,2,0,0,19,3,0,2,0,0,2,0,2,2,2,0,0,0,0,30,26,0
E:\OOD_Assignment\simple-binary-encoding\sbe-tool\src\main\java\uk\co\real_logic\sbe\generation\TargetCodeGeneratorLoader.java,uk.co.real_logic.sbe.generation.TargetCodeGeneratorLoader$Anonymous1,anonymous,6,6,0,6,2,1,0,7,0,0.0,NaN,NaN,1,0,1,0,0,0,1,0,0,0,0,0,0,0,0,0,0,0,8,14,1,0,0,0,0,5,0,5,0,5,1,0,0,1,38,-1,0
E:\OOD_Assignment\simple-binary-encoding\sbe-tool\src\main\java\uk\co\real_logic\sbe\generation\rust\RustOutputManager.java,uk.co.real_logic.sbe.generation.rust.RustOutputManager,class,3,7,4,3,8,1,0,10,2,0.5,0.4,0.6,5,1,3,0,0,2,5,0,0,0,2,0,0,2,0,0,2,0,4,34,4,0,0,0,0,9,0,11,6,10,1,0,0,0,78,1,0
E:\OOD_Assignment\simple-binary-encoding\sbe-tool\src\main\java\uk\co\real_logic\sbe\xml\ErrorHandler.java,uk.co.real_logic.sbe.xml.ErrorHandler,class,1,8,7,1,19,1,0,5,0,0.5,0.5714286,0.75,8,0,8,0,0,0,8,0,0,0,6,0,0,6,0,0,4,0,0,52,3,0,1,0,2,15,6,6,6,6,1,0,0,0,66,1,0
E:\OOD_Assignment\simple-binary-encoding\sbe-tool\src\main\java\uk\co\real_logic\sbe\generation\common\FieldPrecedenceModel.java,uk.co.real_logic.sbe.generation.common.FieldPrecedenceModel,class,14,22,8,14,30,1,0,61,111,0.8722223,0.06410257,0.06410257,18,2,13,5,0,0,13,0,0,0,10,0,0,10,0,0,8,0,10,519,8,3,5,0,0,20,2,36,6,44,4,0,7,12,156,17,0
E:\OOD_Assignment\simple-binary-encoding\sbe-tool\src\main\java\uk\co\real_logic\sbe\generation\TargetCodeGeneratorLoader.java,uk.co.real_logic.sbe.generation.TargetCodeGeneratorLoader$Anonymous2,anonymous,4,4,0,4,1,1,0,1,0,0.0,NaN,NaN,1,0,1,0,0,0,1,0,0,0,0,0,0,0,0,0,0,0,0,5,1,0,0,0,0,0,0,0,0,0,0,0,0,0,10,-1,0
E:\OOD_Assignment\simple-binary-encoding\sbe-tool\src\main\java\uk\co\real_logic\sbe\generation\TargetCodeGeneratorLoader.java,uk.co.real_logic.sbe.generation.TargetCodeGeneratorLoader$Anonymous3,anonymous,6,6,0,6,2,1,0,5,0,0.0,NaN,NaN,1,0,1,0,0,0,1,0,0,0,0,0,0,0,0,0,0,0,3,15,1,0,0,0,0,2,0,6,0,6,1,0,0,1,39,-1,0
E:\OOD_Assignment\simple-binary-encoding\sbe-tool\src\main\java\uk\co\real_logic\sbe\ir\Signal.java,uk.co.real_logic.sbe.ir.Signal,enum,0,6,6,0,0,1,0,0,0,0.0,-1.0,-1.0,0,0,0,0,0,0,0,0,0,0,0,0,0,0,0,0,0,0,0,18,0,0,0,0,0,0,0,0,0,0,0,0,0,0,32,1,0
E:\OOD_Assignment\simple-binary-encoding\sbe-tool\src\main\java\uk\co\real_logic\sbe\generation\TargetCodeGeneratorLoader.java,uk.co.real_logic.sbe.generation.TargetCodeGeneratorLoader$Anonymous4,anonymous,4,4,0,4,1,1,0,1,0,0.0,NaN,NaN,1,0,1,0,0,0,1,0,0,0,0,0,0,0,0,0,0,0,0,5,1,0,0,0,0,0,0,0,0,0,0,0,0,0,10,-1,0
E:\OOD_Assignment\simple-binary-encoding\sbe-tool\src\main\java\uk\co\real_logic\sbe\generation\TargetCodeGeneratorLoader.java,uk.co.real_logic.sbe.generation.TargetCodeGeneratorLoader$Anonymous5,anonymous,4,4,0,4,1,1,0,2,0,0.0,NaN,NaN,1,0,1,0,0,0,1,0,0,0,0,0,0,0,0,0,0,0,1,5,1,0,0,0,0,0,0,0,0,0,0,0,0,0,10,-1,0
E:\OOD_Assignment\simple-binary-encoding\sbe-tool\src\test\java\uk\co\real_logic\sbe\generation\java\CarDecodeTestUtil.java,uk.co.real_logic.sbe.generation.java.CarDecodeTestUtil,class,3,5,2,3,10,1,0,31,1,0.0,0.0,0.0,2,2,0,0,0,2,2,0,0,0,0,0,0,0,0,0,0,0,0,84,2,6,0,0,0,0,2,16,0,16,2,0,0,0,21,0,0
E:\OOD_Assignment\simple-binary-encoding\sbe-tool\src\main\java\uk\co\real_logic\sbe\generation\java\JavaGenerator.java,uk.co.real_logic.sbe.generation.java.JavaGenerator,class,30,45,15,30,365,1,0,268,6869,0.951631,1.0,1.0,127,31,6,121,0,0,6,0,0,0,21,7,0,19,0,2,21,0,453,1822,112,32,77,10,5,1810,66,389,273,378,4,0,1,14,463,1,0
E:\OOD_Assignment\simple-binary-encoding\sbe-tool\src\main\java\uk\co\real_logic\sbe\ir\IrEncoder.java,uk.co.real_logic.sbe.ir.IrEncoder,class,12,20,8,12,15,1,0,91,0,0.6818182,0.8333333,1.0,8,0,4,4,0,0,4,0,0,0,11,1,0,11,0,0,10,0,30,107,3,1,2,4,0,1,20,29,0,23,2,0,0,0,93,1,0
E:\OOD_Assignment\simple-binary-encoding\sbe-tool\src\main\java\uk\co\real_logic\sbe\generation\common\FieldPrecedenceModel.java,uk.co.real_logic.sbe.generation.common.FieldPrecedenceModel$PathCollector,innerclass,4,4,0,4,6,1,0,12,0,0.4,1.0,1.0,5,0,3,2,0,0,3,0,0,0,3,0,0,3,0,0,3,0,1,32,1,0,0,0,0,0,0,4,0,5,1,0,0,1,25,26,0
E:\OOD_Assignment\simple-binary-encoding\sbe-tool\src\test\java\uk\co\real_logic\sbe\generation\java\JavaOutputManagerTest.java,uk.co.real_logic.sbe.generation.java.JavaOutputManagerTest,class,3,4,1,3,3,1,0,12,1,0.0,NaN,NaN,2,0,0,1,0,1,1,0,0,0,0,0,0,0,0,0,0,0,3,36,0,0,0,0,0,9,0,18,3,18,0,0,0,0,36,0,0
E:\OOD_Assignment\simple-binary-encoding\sbe-tool\src\main\java\uk\co\real_logic\sbe\generation\golang\GolangUtil.java,uk.co.real_logic.sbe.generation.golang.GolangUtil,class,3,4,1,3,8,1,0,5,4,0.625,0.0,0.0,4,4,4,0,0,0,6,0,0,0,2,2,0,2,0,0,2,0,4,50,4,0,1,0,0,24,0,5,1,4,2,0,0,0,71,1,0
E:\OOD_Assignment\simple-binary-encoding\sbe-tool\src\test\java\uk\co\real_logic\sbe\generation\java\WarningFormattingTest.java,uk.co.real_logic.sbe.generation.java.WarningFormattingTest,class,7,7,0,7,1,1,0,10,0,0.0,NaN,NaN,1,0,0,0,0,1,1,0,0,0,0,0,0,0,0,0,0,0,2,15,0,0,0,1,0,4,0,6,0,6,1,0,0,0,35,0,0
E:\OOD_Assignment\simple-binary-encoding\sbe-tool\src\propertyTest\java\uk\co\real_logic\sbe\properties\schema\FieldSchema.java,uk.co.real_logic.sbe.properties.schema.FieldSchema,class,2,6,4,2,5,1,0,1,0,0.5,0.5,1.0,4,0,4,0,0,0,4,0,0,0,3,0,0,3,0,0,3,0,0,20,3,0,1,0,0,0,1,3,0,3,0,0,0,0,8,17,0
E:\OOD_Assignment\simple-binary-encoding\sbe-tool\src\main\java\uk\co\real_logic\sbe\generation\common\FieldPrecedenceModel.java,uk.co.real_logic.sbe.generation.common.FieldPrecedenceModel$CodecInteraction$DetermineGroupIsEmpty,innerclass,2,2,0,2,6,2,0,2,0,0.25,0.33333334,0.33333334,4,0,1,1,0,2,3,0,0,0,2,0,0,2,0,0,2,0,0,19,3,0,2,0,0,2,0,2,2,2,0,0,0,0,24,26,0
E:\OOD_Assignment\simple-binary-encoding\sbe-tool\src\test\java\uk\co\real_logic\sbe\generation\java\JavaGeneratorTest.java,uk.co.real_logic.sbe.generation.java.JavaGeneratorTest,class,22,23,1,22,45,1,0,107,409,0.81395346,0.27586207,0.27586207,43,4,0,13,0,30,30,0,0,0,8,5,0,8,0,0,7,0,99,444,11,1,1,5,0,130,42,176,32,174,2,0,0,6,213,0,0
E:\OOD_Assignment\simple-binary-encoding\sbe-tool\src\main\java\uk\co\real_logic\sbe\otf\OtfHeaderDecoder.java,uk.co.real_logic.sbe.otf.OtfHeaderDecoder,class,6,9,3,6,11,1,0,9,5,0.6666666,0.33333334,1.0,6,0,6,0,0,0,6,0,0,0,13,0,0,13,0,0,1,0,4,57,5,1,0,0,0,0,1,13,4,13,2,0,0,0,68,1,0
E:\OOD_Assignment\simple-binary-encoding\sbe-tool\src\propertyTest\java\uk\co\real_logic\sbe\properties\utils\InMemoryOutputManager.java,uk.co.real_logic.sbe.properties.utils.InMemoryOutputManager$InMemoryJavaFileObject,innerclass,1,1,0,1,5,1,0,3,0,0.3,0.8,1.0,5,0,3,0,0,2,5,0,0,0,2,0,0,2,0,0,2,0,2,23,3,0,0,0,0,2,0,4,2,2,0,0,0,0,26,8,0
E:\OOD_Assignment\simple-binary-encoding\sbe-tool\src\main\java\uk\co\real_logic\sbe\otf\AbstractTokenListener.java,uk.co.real_logic.sbe.otf.AbstractTokenListener,class,3,3,0,3,11,1,0,0,55,0.0,0.0,0.0,11,0,11,0,0,0,11,0,0,0,0,0,0,0,0,0,0,0,0,24,0,0,0,0,0,0,0,0,0,0,0,0,0,0,49,1025,0
E:\OOD_Assignment\simple-binary-encoding\sbe-tool\src\main\java\uk\co\real_logic\sbe\PrimitiveType.java,uk.co.real_logic.sbe.PrimitiveType,enum,2,44,42,2,15,1,0,2,8,0.6851852,0.3888889,0.7777778,9,2,7,0,0,2,9,0,0,0,6,1,0,6,0,0,6,0,1,66,8,1,0,0,0,12,11,11,1,6,1,0,0,0,79,1,0
E:\OOD_Assignment\simple-binary-encoding\sbe-tool\src\test\java\uk\co\real_logic\sbe\generation\cpp\CppEnumTest.java,uk.co.real_logic.sbe.generation.cpp.CppEnumTest,class,11,12,1,11,4,1,0,20,0,0.0,1.0,1.0,3,0,0,1,0,2,2,0,0,0,2,0,0,2,0,0,0,0,6,43,1,0,0,3,0,12,0,10,0,10,2,0,0,0,54,0,0
E:\OOD_Assignment\simple-binary-encoding\sbe-tool\src\main\java\uk\co\real_logic\sbe\generation\cpp\NamespaceOutputManager.java,uk.co.real_logic.sbe.generation.cpp.NamespaceOutputManager,class,1,4,3,1,5,1,0,7,0,0.0,1.0,1.0,2,0,2,0,0,0,2,0,0,0,1,0,0,1,0,0,1,0,1,17,1,0,0,0,0,5,0,4,5,4,1,0,0,0,65,1,0
E:\OOD_Assignment\simple-binary-encoding\sbe-tool\src\main\java\uk\co\real_logic\sbe\generation\rust\LibRsDef.java,uk.co.real_logic.sbe.generation.rust.LibRsDef,class,3,5,2,3,13,1,0,26,12,0.625,0.2857143,0.35714287,8,6,0,0,0,8,8,0,0,0,3,0,0,3,0,0,3,0,114,155,0,3,2,2,0,116,108,10,1,14,2,0,0,4,106,0,0
E:\OOD_Assignment\simple-binary-encoding\sbe-tool\src\propertyTest\java\uk\co\real_logic\sbe\properties\arbitraries\SbeArbitraries.java,uk.co.real_logic.sbe.properties.arbitraries.SbeArbitraries$CharGenerationMode,enum,0,0,0,0,0,1,0,0,0,0.0,-1.0,-1.0,0,0,0,0,0,0,0,0,0,0,0,0,0,0,0,0,0,0,0,1,0,0,0,0,0,0,0,0,0,0,0,0,0,0,19,1,0
E:\OOD_Assignment\simple-binary-encoding\sbe-tool\src\main\java\uk\co\real_logic\sbe\generation\TargetCodeGeneratorLoader.java,uk.co.real_logic.sbe.generation.TargetCodeGeneratorLoader,enum,4,9,5,4,8,1,0,12,1,0.0,0.0,0.0,2,2,2,0,0,0,2,0,0,0,0,0,0,0,0,0,0,0,7,80,3,1,3,1,0,1,0,4,1,4,2,5,0,0,82,1,0
E:\OOD_Assignment\simple-binary-encoding\sbe-tool\src\main\java\uk\co\real_logic\sbe\ir\generated\FrameCodecEncoder.java,uk.co.real_logic.sbe.ir.generated.FrameCodecEncoder,class,8,10,2,8,116,1,0,32,1947,0.88732404,0.0890937,0.16641065,71,36,63,8,0,0,63,0,0,0,13,8,6,7,0,0,9,0,18,426,71,0,15,0,3,53,55,39,46,38,2,0,1,0,108,17,0
E:\OOD_Assignment\simple-binary-encoding\sbe-tool\src\main\java\uk\co\real_logic\sbe\xml\Message.java,uk.co.real_logic.sbe.xml.Message,class,11,24,13,11,57,1,0,61,0,0.6698565,0.4909091,1.0,19,4,10,8,0,1,11,0,0,0,11,1,0,11,0,0,11,0,77,236,18,3,20,0,5,79,9,68,13,43,3,0,0,0,154,1,0
E:\OOD_Assignment\simple-binary-encoding\sbe-tool\src\main\java\uk\co\real_logic\sbe\generation\common\FieldPrecedenceModel.java,uk.co.real_logic.sbe.generation.common.FieldPrecedenceModel$CodecInteraction$CodecInteractionFactory,innerclass,10,10,0,10,9,1,0,4,0,0.8,0.7777778,0.7777778,9,0,8,0,0,1,9,0,0,0,10,0,0,10,0,0,10,0,0,40,8,0,0,0,0,0,0,10,0,17,0,0,0,7,101,25,0
E:\OOD_Assignment\simple-binary-encoding\sbe-tool\src\main\java\uk\co\real_logic\sbe\otf\TokenListener.java,uk.co.real_logic.sbe.otf.TokenListener,interface,2,7,5,2,11,1,0,0,55,0.0,0.0,0.0,11,0,0,0,0,11,11,0,0,0,0,0,0,0,0,0,0,0,0,13,0,0,0,0,0,0,0,0,0,0,0,0,0,0,100,1,0
E:\OOD_Assignment\simple-binary-encoding\sbe-tool\src\test\java\uk\co\real_logic\sbe\TestTargetLanguage.java,uk.co.real_logic.sbe.TestTargetLanguage,class,3,3,0,3,1,1,0,1,0,0.0,NaN,NaN,1,0,1,0,0,0,1,0,0,0,3,3,0,0,0,3,1,0,0,10,1,0,0,0,0,1,0,5,0,3,0,0,0,0,21,1,0
E:\OOD_Assignment\simple-binary-encoding\sbe-tool\src\main\java\uk\co\real_logic\sbe\xml\SchemaTransformerFactory.java,uk.co.real_logic.sbe.xml.SchemaTransformerFactory,class,5,9,4,5,13,1,0,11,4,0.4,0.5,0.5,5,2,2,1,0,2,4,0,0,0,1,0,0,1,0,0,1,0,4,37,5,1,4,0,0,5,7,8,1,7,2,0,0,0,65,1,0
E:\OOD_Assignment\simple-binary-encoding\sbe-tool\src\main\java\uk\co\real_logic\sbe\ir\Token.java,uk.co.real_logic.sbe.ir.Token,class,4,57,53,4,28,1,0,6,110,0.84353733,0.23809524,0.9047619,21,0,21,0,0,0,21,0,0,0,14,2,2,12,0,0,12,0,0,168,21,0,6,0,0,17,6,17,3,15,1,0,1,0,227,1,0
E:\OOD_Assignment\simple-binary-encoding\sbe-tool\src\propertyTest\java\uk\co\real_logic\sbe\properties\JsonPropertyTest.java,uk.co.real_logic.sbe.properties.JsonPropertyTest,class,11,11,0,11,3,1,0,6,1,0.0,0.0,0.0,2,0,0,0,0,2,2,0,0,0,0,0,0,0,0,0,0,0,1,17,1,0,0,1,0,3,1,3,1,3,1,0,0,0,25,1,0
E:\OOD_Assignment\simple-binary-encoding\sbe-tool\src\test\java\uk\co\real_logic\sbe\xml\OffsetFileTest.java,uk.co.real_logic.sbe.xml.OffsetFileTest,class,8,8,0,8,8,1,0,18,28,0.0,0.0,0.0,8,0,0,0,0,8,8,0,0,0,0,0,0,0,0,0,0,0,16,110,0,0,0,8,0,8,114,28,0,28,1,0,0,0,45,0,0
E:\OOD_Assignment\simple-binary-encoding\sbe-tool\src\main\java\uk\co\real_logic\sbe\ir\generated\VarDataEncodingEncoder.java,uk.co.real_logic.sbe.ir.generated.VarDataEncodingEncoder,class,3,4,1,3,22,1,0,5,145,0.90225565,0.07602339,0.0877193,19,10,19,0,0,0,19,0,0,0,7,5,5,2,0,0,5,0,0,79,21,0,3,0,0,3,14,8,1,8,1,0,0,0,53,17,0
E:\OOD_Assignment\simple-binary-encoding\sbe-tool\src\main\java\uk\co\real_logic\sbe\generation\java\JavaGenerator.java,uk.co.real_logic.sbe.generation.java.JavaGenerator$CodecType,enum,0,0,0,0,0,1,0,0,0,0.0,-1.0,-1.0,0,0,0,0,0,0,0,0,0,0,0,0,0,0,0,0,0,0,0,1,0,0,0,0,0,0,0,0,0,0,0,0,0,0,9,0,0
E:\OOD_Assignment\simple-binary-encoding\sbe-tool\src\main\java\uk\co\real_logic\sbe\generation\common\FieldPrecedenceModel.java,uk.co.real_logic.sbe.generation.common.FieldPrecedenceModel$CodecInteraction$ResetCountToIndex,innerclass,2,2,0,2,6,2,0,2,0,0.25,0.33333334,0.33333334,4,0,1,1,0,2,3,0,0,0,2,0,0,2,0,0,2,0,0,19,3,0,2,0,0,2,0,2,2,2,0,0,0,0,31,26,0
E:\OOD_Assignment\simple-binary-encoding\sbe-tool\src\test\java\uk\co\real_logic\sbe\generation\golang\GolangGeneratorTest.java,uk.co.real_logic.sbe.generation.golang.GolangGeneratorTest,class,10,10,0,10,2,1,0,12,1,0.0,0.0,0.0,2,0,0,0,0,2,2,0,0,0,0,0,0,0,0,0,0,0,6,34,0,0,0,2,0,419,0,18,4,18,1,0,0,0,121,0,0
E:\OOD_Assignment\simple-binary-encoding\sbe-tool\src\main\java\uk\co\real_logic\sbe\ir\IrDecoder.java,uk.co.real_logic.sbe.ir.IrDecoder,class,13,21,8,13,27,1,0,82,2,0.73333335,0.8333333,1.0,8,1,4,4,0,0,4,0,0,0,15,1,0,15,0,0,8,0,12,133,4,4,5,1,0,3,14,55,2,38,2,0,0,0,104,1,0
E:\OOD_Assignment\simple-binary-encoding\sbe-tool\src\main\java\uk\co\real_logic\sbe\ir\generated\ByteOrderCodec.java,uk.co.real_logic.sbe.ir.generated.ByteOrderCodec,enum,1,5,4,1,6,1,0,0,0,0.0,1.0,1.0,3,1,2,0,0,1,3,0,0,0,1,0,0,1,0,0,1,0,0,22,4,0,0,0,0,2,6,1,1,1,1,0,0,0,45,1,0
E:\OOD_Assignment\simple-binary-encoding\sbe-tool\src\main\java\uk\co\real_logic\sbe\generation\CodeGenerator.java,uk.co.real_logic.sbe.generation.CodeGenerator,interface,0,21,21,0,1,1,0,0,0,0.0,NaN,NaN,1,0,0,0,0,1,1,0,0,0,0,0,0,0,0,0,0,0,0,3,0,0,0,0,0,0,0,0,0,0,0,0,0,0,25,1,0
E:\OOD_Assignment\simple-binary-encoding\sbe-tool\src\main\java\uk\co\real_logic\sbe\generation\common\FieldPrecedenceModel.java,uk.co.real_logic.sbe.generation.common.FieldPrecedenceModel$TransitionCollector,innerclass,7,7,0,7,8,1,0,19,0,0.3,1.0,1.0,5,0,3,2,0,0,3,0,0,0,4,0,0,4,0,0,4,0,3,76,1,0,0,0,0,8,0,22,8,23,1,0,0,1,50,18,0
E:\OOD_Assignment\simple-binary-encoding\sbe-tool\src\main\java\uk\co\real_logic\sbe\SbeTool.java,uk.co.real_logic.sbe.SbeTool,class,17,19,2,17,13,1,0,40,0,0.85833335,0.16666667,0.16666667,4,4,4,0,0,0,4,0,0,0,30,30,30,0,0,0,30,0,41,102,2,1,4,4,0,37,4,54,2,53,3,0,0,0,279,1,0
E:\OOD_Assignment\simple-binary-encoding\sbe-tool\src\test\java\uk\co\real_logic\sbe\xml\ErrorHandlerTest.java,uk.co.real_logic.sbe.xml.ErrorHandlerTest,class,15,16,1,15,24,1,0,28,45,0.0,0.0,0.0,10,1,0,1,0,9,9,0,0,0,0,0,0,0,0,0,0,0,31,126,8,1,1,8,0,63,3,30,1,26,2,0,0,0,90,0,0
E:\OOD_Assignment\simple-binary-encoding\sbe-benchmarks\src\main\java\uk\co\real_logic\sbe\MarketDataBenchmark.java,uk.co.real_logic.sbe.MarketDataBenchmark$MyState,innerclass,7,7,0,7,1,1,0,2,0,NaN,NaN,NaN,0,0,0,0,0,0,1,0,0,0,7,0,0,0,0,7,7,0,3,12,0,0,0,0,0,0,3,7,0,7,0,0,0,0,19,9,0
E:\OOD_Assignment\simple-binary-encoding\sbe-tool\src\main\java\uk\co\real_logic\sbe\generation\rust\MessageCoderDef.java,uk.co.real_logic.sbe.generation.rust.MessageCoderDef,class,9,11,2,9,19,1,0,32,24,0.72222227,0.3181818,0.6818182,12,2,1,0,0,11,12,0,0,0,6,0,0,4,0,2,6,0,73,141,3,1,6,0,0,56,62,10,1,10,1,0,0,0,83,0,0
E:\OOD_Assignment\simple-binary-encoding\sbe-tool\src\propertyTest\java\uk\co\real_logic\sbe\properties\schema\EnumTypeSchema.java,uk.co.real_logic.sbe.properties.schema.EnumTypeSchema,class,2,5,3,2,4,1,0,1,2,0.5,0.33333334,0.5,4,0,4,0,0,0,4,0,0,0,2,0,0,2,0,0,2,0,0,17,2,0,0,0,0,0,0,2,0,2,0,0,0,0,9,17,0
E:\OOD_Assignment\simple-binary-encoding\sbe-tool\src\main\java\uk\co\real_logic\sbe\ir\generated\FrameCodecDecoder.java,uk.co.real_logic.sbe.ir.generated.FrameCodecDecoder$CodecStates,innerclass,0,0,0,0,2,1,0,0,1,0.85714287,-1.0,-1.0,2,2,0,2,0,0,0,0,0,0,7,7,0,7,0,0,7,0,0,15,2,0,0,0,0,10,5,7,0,7,0,0,0,0,69,10,0
E:\OOD_Assignment\simple-binary-encoding\sbe-tool\src\test\java\uk\co\real_logic\sbe\generation\java\CompositeElementsGenerationTest.java,uk.co.real_logic.sbe.generation.java.CompositeElementsGenerationTest,class,18,19,1,18,7,1,0,65,3,0.64285713,1.0,1.0,7,3,0,3,0,4,4,0,0,0,4,4,0,4,0,0,4,0,15,109,1,0,0,3,0,5,57,37,2,28,2,0,0,0,81,0,0
E:\OOD_Assignment\simple-binary-encoding\sbe-tool\src\test\java\uk\co\real_logic\sbe\generation\java\NullEnumTypedTest.java,uk.co.real_logic.sbe.generation.java.NullEnumTypedTest,class,12,12,0,12,1,1,0,18,0,0.5,NaN,NaN,1,0,0,0,0,1,1,0,0,0,4,4,0,4,0,0,4,0,3,24,0,0,0,1,0,4,0,13,0,13,1,0,0,0,52,0,0
E:\OOD_Assignment\simple-binary-encoding\sbe-tool\src\propertyTest\java\uk\co\real_logic\sbe\properties\schema\GroupSchema.java,uk.co.real_logic.sbe.properties.schema.GroupSchema,class,3,7,4,3,4,1,0,9,0,0.5,0.5,1.0,4,0,4,0,0,0,4,0,0,0,3,0,0,3,0,0,3,0,4,19,3,0,0,0,0,0,0,3,0,3,0,0,0,0,7,17,0
E:\OOD_Assignment\simple-binary-encoding\sbe-tool\src\test\java\uk\co\real_logic\sbe\xml\SchemaTransformerFactoryTest.java,uk.co.real_logic.sbe.xml.SchemaTransformerFactoryTest,class,5,5,0,5,4,1,0,6,6,0.0,0.0,0.0,4,0,0,0,0,4,4,0,0,0,0,0,0,0,0,0,0,0,0,29,0,0,0,0,0,3,7,11,0,11,0,0,0,0,35,0,0
E:\OOD_Assignment\simple-binary-encoding\sbe-tool\src\main\java\uk\co\real_logic\sbe\xml\CompositeType.java,uk.co.real_logic.sbe.xml.CompositeType,class,10,22,12,10,70,2,0,42,24,0.78125,0.56060606,0.6818182,16,1,10,4,0,2,12,0,0,0,4,2,1,3,0,0,4,0,49,254,8,3,28,2,0,80,6,52,19,43,4,0,0,0,199,1,0
E:\OOD_Assignment\simple-binary-encoding\sbe-tool\src\main\java\uk\co\real_logic\sbe\xml\ParserOptions.java,uk.co.real_logic.sbe.xml.ParserOptions,class,2,31,29,2,8,1,0,0,16,0.78571427,0.0,0.0,8,1,7,1,0,0,7,0,0,0,7,1,1,6,0,0,7,0,0,88,7,0,0,0,0,0,0,7,0,7,0,0,1,0,69,17,0
E:\OOD_Assignment\simple-binary-encoding\sbe-tool\src\main\java\uk\co\real_logic\sbe\ir\Encoding.java,uk.co.real_logic.sbe.ir.Encoding,class,3,31,28,3,21,1,0,4,37,0.74242425,0.37908497,1.0,18,0,16,0,0,2,18,0,0,0,11,0,0,11,0,0,10,0,0,162,18,0,3,0,0,14,0,23,2,11,1,0,2,0,67,1,0
E:\OOD_Assignment\simple-binary-encoding\sbe-tool\src\test\java\uk\co\real_logic\sbe\generation\java\QualifiedYieldTest.java,uk.co.real_logic.sbe.generation.java.QualifiedYieldTest,class,13,13,0,13,1,1,0,16,0,0.4,NaN,NaN,1,0,0,0,0,1,1,0,0,0,5,4,0,5,0,0,5,0,3,26,0,0,0,1,0,3,0,14,1,14,2,0,0,0,53,1,0
E:\OOD_Assignment\simple-binary-encoding\sbe-tool\src\test\java\uk\co\real_logic\sbe\xml\EnumTypeTest.java,uk.co.real_logic.sbe.xml.EnumTypeTest,class,19,20,1,19,19,1,0,45,91,0.0,0.0,0.0,14,1,0,1,0,13,13,0,0,0,0,0,0,0,0,0,0,0,22,125,1,2,0,2,0,122,17,42,16,41,2,0,0,7,105,0,0
E:\OOD_Assignment\simple-binary-encoding\sbe-tool\src\main\java\uk\co\real_logic\sbe\xml\Field.java,uk.co.real_logic.sbe.xml.Field$Builder,innerclass,5,5,0,5,16,1,0,0,90,0.875,0.125,1.0,16,0,0,0,0,16,16,0,0,0,15,0,0,15,0,0,0,0,0,80,16,0,0,0,0,0,2,18,0,15,0,0,0,0,38,8,0
E:\OOD_Assignment\simple-binary-encoding\sbe-tool\src\propertyTest\java\uk\co\real_logic\sbe\properties\arbitraries\SbeArbitraries.java,uk.co.real_logic.sbe.properties.arbitraries.SbeArbitraries$Encoder,interface,3,3,0,3,1,1,0,0,0,0.0,NaN,NaN,1,0,0,0,0,1,1,0,0,0,0,0,0,0,0,0,0,0,0,3,0,0,0,0,0,0,0,0,0,0,0,0,0,0,9,2,0
E:\OOD_Assignment\simple-binary-encoding\sbe-tool\src\main\java\uk\co\real_logic\sbe\generation\csharp\CSharpNamespaceOutputManager.java,uk.co.real_logic.sbe.generation.csharp.CSharpNamespaceOutputManager,class,1,4,3,1,6,1,0,9,0,0.0,1.0,1.0,2,0,2,0,0,0,2,0,0,0,1,0,0,1,0,0,1,0,3,19,1,0,0,0,0,7,0,6,5,6,1,0,0,0,68,1,0
E:\OOD_Assignment\simple-binary-encoding\sbe-tool\src\main\java\uk\co\real_logic\sbe\generation\rust\RustGenerator.java,uk.co.real_logic.sbe.generation.rust.RustGenerator$ParentDef,interface,2,2,0,2,1,1,0,0,0,0.0,NaN,NaN,1,0,0,0,0,1,1,0,0,0,0,0,0,0,0,0,0,0,0,3,0,0,0,0,0,0,0,0,0,0,0,0,0,0,7,0,0
E:\OOD_Assignment\simple-binary-encoding\sbe-tool\src\main\java\uk\co\real_logic\sbe\xml\IrGenerator.java,uk.co.real_logic.sbe.xml.IrGenerator,class,22,53,31,22,53,1,0,119,0,0.38235295,1.0,1.0,17,1,2,15,0,0,2,0,0,0,2,0,0,2,0,0,1,0,11,212,8,5,13,0,0,2,12,49,2,45,3,0,0,0,81,1,0
E:\OOD_Assignment\simple-binary-encoding\sbe-tool\src\main\java\uk\co\real_logic\sbe\generation\common\FieldPrecedenceModel.java,uk.co.real_logic.sbe.generation.common.FieldPrecedenceModel$State,innerclass,0,0,0,0,4,1,0,0,0,0.25,0.6666667,1.0,4,0,3,1,0,0,3,0,0,0,2,0,0,2,0,0,2,0,0,17,3,0,0,0,0,3,0,2,2,2,0,0,0,0,33,25,0
E:\OOD_Assignment\simple-binary-encoding\sbe-tool\src\main\java\uk\co\real_logic\sbe\generation\csharp\CSharpUtil.java,uk.co.real_logic.sbe.generation.csharp.CSharpUtil,class,5,8,3,5,34,1,0,26,76,0.84615386,0.0,0.0,13,13,8,0,0,5,14,0,0,0,1,1,0,1,0,0,1,0,16,129,14,2,2,0,0,46,7,17,14,7,2,0,1,0,127,1,0
E:\OOD_Assignment\simple-binary-encoding\sbe-tool\src\main\java\uk\co\real_logic\sbe\ir\generated\TokenCodecEncoder.java,uk.co.real_logic.sbe.ir.generated.TokenCodecEncoder$CodecStates,innerclass,0,0,0,0,2,1,0,0,1,0.93333334,-1.0,-1.0,2,2,0,2,0,0,0,0,0,0,15,15,0,15,0,0,15,0,0,23,2,0,0,0,0,26,13,15,0,15,0,0,0,0,95,10,0
E:\OOD_Assignment\simple-binary-encoding\sbe-tool\src\test\java\uk\co\real_logic\sbe\generation\java\ReflectionUtil.java,uk.co.real_logic.sbe.generation.java.ReflectionUtil,class,5,9,4,5,31,1,0,8,435,0.0,0.0,0.0,30,30,0,1,0,29,29,0,0,0,0,0,0,0,0,0,0,0,16,97,18,1,0,0,0,24,2,2,1,2,1,0,0,0,55,16,0
E:\OOD_Assignment\simple-binary-encoding\sbe-tool\src\main\java\uk\co\real_logic\sbe\ir\generated\TokenCodecEncoder.java,uk.co.real_logic.sbe.ir.generated.TokenCodecEncoder,class,12,14,2,12,339,1,0,52,15200,0.8951774,0.08430212,0.11110338,193,112,170,23,0,0,170,0,0,0,13,8,6,7,0,0,9,0,48,1215,193,0,45,0,11,167,171,103,155,102,2,0,1,0,131,17,0
E:\OOD_Assignment\simple-binary-encoding\sbe-tool\src\test\java\uk\co\real_logic\sbe\xml\CompositeElementsTest.java,uk.co.real_logic.sbe.xml.CompositeElementsTest,class,11,11,0,11,1,1,0,13,0,0.0,NaN,NaN,1,0,0,0,0,1,1,0,0,0,0,0,0,0,0,0,0,0,2,28,0,0,0,1,0,9,10,13,0,13,1,0,0,0,31,0,0
E:\OOD_Assignment\simple-binary-encoding\sbe-tool\src\main\java\uk\co\real_logic\sbe\generation\java\JavaUtil.java,uk.co.real_logic.sbe.generation.java.JavaUtil,class,5,10,5,5,62,1,0,38,178,0.875,0.031578947,0.031578947,20,20,16,2,0,2,20,0,0,0,2,2,0,1,0,1,2,0,23,222,20,4,5,1,1,78,2,31,17,23,5,0,1,0,178,1,0
E:\OOD_Assignment\simple-binary-encoding\sbe-tool\src\main\java\uk\co\real_logic\sbe\ir\Encoding.java,uk.co.real_logic.sbe.ir.Encoding$Presence,enum,0,0,0,0,0,1,0,0,0,0.0,-1.0,-1.0,0,0,0,0,0,0,0,0,0,0,0,0,0,0,0,0,0,0,0,4,0,0,0,0,0,0,0,0,0,0,0,0,0,0,20,1,0
E:\OOD_Assignment\simple-binary-encoding\sbe-tool\src\main\java\uk\co\real_logic\sbe\xml\XmlSchemaParser.java,uk.co.real_logic.sbe.xml.XmlSchemaParser$NodeFunction,interface,1,1,0,1,1,1,0,0,0,0.0,NaN,NaN,1,0,0,0,0,1,1,0,0,0,0,0,0,0,0,0,0,0,0,3,0,0,0,0,0,0,0,0,0,0,0,0,0,0,8,0,0
E:\OOD_Assignment\simple-binary-encoding\sbe-tool\src\main\java\uk\co\real_logic\sbe\generation\common\FieldPrecedenceModel.java,uk.co.real_logic.sbe.generation.common.FieldPrecedenceModel$CodecInteraction$Wrap,innerclass,1,1,0,1,4,2,0,0,4,0.5,0.16666667,0.16666667,4,0,3,0,0,1,4,0,0,0,1,0,0,1,0,0,1,0,0,15,3,0,0,0,0,4,0,1,1,1,0,0,0,0,19,26,0
E:\OOD_Assignment\simple-binary-encoding\sbe-tool\src\main\java\uk\co\real_logic\sbe\generation\cpp\CppDtoGenerator.java,uk.co.real_logic.sbe.generation.cpp.CppDtoGenerator,class,12,16,4,12,153,1,0,112,605,0.8101852,1.0,1.0,54,9,2,52,0,0,2,0,0,0,4,2,0,4,0,0,4,0,132,795,16,23,25,3,0,669,42,228,83,206,3,0,1,1,211,1,0
E:\OOD_Assignment\simple-binary-encoding\sbe-benchmarks\src\main\java\uk\co\real_logic\sbe\CarBenchmark.java,uk.co.real_logic.sbe.CarBenchmark,class,12,14,2,12,19,1,0,58,21,0.85714287,0.0,0.0,7,5,4,3,0,0,5,0,0,0,4,4,0,4,0,0,4,0,8,130,2,10,0,1,0,6,49,39,9,39,2,0,1,0,76,1,0
E:\OOD_Assignment\simple-binary-encoding\sbe-tool\src\main\java\uk\co\real_logic\sbe\ir\Ir.java,uk.co.real_logic.sbe.ir.Ir,class,4,63,59,4,35,1,0,30,131,0.8708134,0.11764706,0.43382353,19,1,17,2,0,0,17,0,0,0,11,0,0,11,0,0,11,0,4,136,15,3,6,0,2,9,12,33,6,29,2,0,0,1,120,1,0
E:\OOD_Assignment\simple-binary-encoding\sbe-tool\src\test\java\uk\co\real_logic\sbe\xml\EncodedDataTypeTest.java,uk.co.real_logic.sbe.xml.EncodedDataTypeTest,class,11,12,1,11,28,1,0,40,351,0.0,0.0,0.0,27,1,0,1,0,26,26,0,0,0,0,0,0,0,0,0,0,0,29,184,1,1,0,0,30,202,14,68,32,68,1,0,0,5,103,0,0
E:\OOD_Assignment\simple-binary-encoding\sbe-tool\src\test\java\uk\co\real_logic\sbe\json\JsonPrinterTest.java,uk.co.real_logic.sbe.json.JsonPrinterTest,class,15,16,1,15,5,2,0,19,4,0.4,1.0,1.0,5,2,2,2,0,1,3,0,0,0,2,2,0,2,0,0,2,0,16,61,1,0,0,3,0,99,12,27,5,27,2,0,0,0,65,0,0
E:\OOD_Assignment\simple-binary-encoding\sbe-tool\src\propertyTest\java\uk\co\real_logic\sbe\properties\schema\EncodedDataTypeSchema.java,uk.co.real_logic.sbe.properties.schema.EncodedDataTypeSchema,class,4,8,4,4,6,1,0,1,7,0.6666667,0.26666668,0.6666667,6,0,6,0,0,0,6,0,0,0,4,0,0,4,0,0,4,0,0,27,4,0,0,0,0,0,0,4,0,4,0,0,0,0,13,17,0
E:\OOD_Assignment\simple-binary-encoding\sbe-tool\src\test\java\uk\co\real_logic\sbe\generation\rust\RustUtilTest.java,uk.co.real_logic.sbe.generation.rust.RustUtilTest,class,4,4,0,4,10,1,0,11,45,0.0,0.0,0.0,10,0,0,0,0,10,10,0,0,0,0,0,0,0,0,0,0,0,51,79,0,0,0,0,0,99,0,1,0,1,0,0,0,5,44,0,0
E:\OOD_Assignment\simple-binary-encoding\sbe-tool\src\main\java\uk\co\real_logic\sbe\generation\common\FieldPrecedenceModel.java,uk.co.real_logic.sbe.generation.common.FieldPrecedenceModel$VersionCollector,innerclass,4,4,0,4,4,1,0,3,0,0.0,1.0,1.0,4,0,3,0,0,1,4,0,0,0,1,0,0,1,0,0,1,0,1,16,0,0,0,0,0,0,0,1,0,1,0,0,0,0,21,26,0
E:\OOD_Assignment\simple-binary-encoding\sbe-tool\src\test\java\uk\co\real_logic\sbe\generation\java\ConstantCharArrayTest.java,uk.co.real_logic.sbe.generation.java.ConstantCharArrayTest,class,12,12,0,12,1,1,0,15,0,0.5,NaN,NaN,1,0,0,0,0,1,1,0,0,0,4,4,0,4,0,0,4,0,3,27,0,0,0,1,0,17,0,16,4,16,1,0,0,0,54,0,0
E:\OOD_Assignment\simple-binary-encoding\sbe-tool\src\test\java\uk\co\real_logic\sbe\EncodedCarTestBase.java,uk.co.real_logic.sbe.EncodedCarTestBase,class,5,9,4,5,4,1,4,46,0,0.16666667,1.0,1.0,2,2,1,0,1,0,2,0,0,0,6,6,0,4,2,0,2,0,0,42,0,1,0,1,0,5,34,14,0,12,1,0,0,0,43,1,0
E:\OOD_Assignment\simple-binary-encoding\sbe-tool\src\test\java\uk\co\real_logic\sbe\xml\CompositeTypeTest.java,uk.co.real_logic.sbe.xml.CompositeTypeTest,class,12,13,1,12,8,1,0,33,21,0.0,0.0,0.0,7,1,0,1,0,6,6,0,0,0,0,0,0,0,0,0,0,0,11,72,1,1,0,0,0,65,7,32,7,32,1,0,0,1,70,0,0
